Workbook
Name MY_FUNCTION1: LAMBDA(ARRAYFORMULA(NORMINV(_xludf.RANDARRAY('MoteCarlo_Sim OP'!$J$8,100),'MoteCarlo_Sim OP'!$J$2,'MoteCarlo_Sim OP'!$J$3)))
Name MY_FUNCTION1: LAMBDA(ARRAYFORMULA(NORMINV(_xludf.RANDARRAY('MoteCarlo_Sim (CP)'!$J$8,100),'MoteCarlo_Sim (CP)'!$J$2,'MoteCarlo_Sim (CP)'!$J$3)))
Name MY_FUNCTION1: LAMBDA(ARRAYFORMULA(NORMINV(_xludf.RANDARRAY('MoteCarlo_Sim OP'!$J$8,100),'MoteCarlo_Sim OP'!$J$2,'MoteCarlo_Sim OP'!$J$3)))

Sheet Work Sheet
A1: Date | B1: USD_RUB | C1: Rf_day | D1: INT_USD | E1: INT_RUB | F1: INT_R | G1: APPL_USD | H1: APPL_RUB | I1: APPL_R | J1: MCSF_USD | K1: MSCF_RUB | L1: MCSF_R | M1: CSC_USD | N1: CSC_RUB | O1: CSC_R | P1: DIS_USD | Q1: DIS_RUB | R1: DIS_R | S1: FDX_USD | T1: FDX_RUB | U1: FDX_R | V1: GMT_USD | W1: GMT_RUB | X1: GMT_R | Y1: CHV_USD | Z1: CHV_RUB | AA1: CHV_R | AB1: BNG_USD | AC1: BNG_RUB | AD1: BNG_R | AE1: AMZN_USD | AF1: AMZN_RUB | AG1: AMXN_R | AH1: S&P500_USD | AI1: S&P500_RUB | AJ1: S&P500_R
A2: 45200 | B2: =_xlfn.XLOOKUP(A2,'USD RUB'!B:B,'USD RUB'!C:C,"N/A") -> N/A | C2: =IFERROR(EXP(_xlfn.XLOOKUP(A2,'Bonds (CP)'!$A$4:$A$513,'Work Sheet'!$B$3:$B$512)/252)-1,"N/A") -> N/A | D2: =IFERROR(_xlfn.XLOOKUP($A2,Intel!$A$2:$A$502,Intel!$B$2:$B$502),"N/A") -> N/A | E2: =IF(OR(D2="N/A", $B2="N/A"),"N/A",D2*$B2) -> N/A | F2: N/A | G2: =IFERROR(_xlfn.XLOOKUP(A2,Apple!A:A,Apple!B:B),"N/A") -> N/A | H2: =IF(OR(G2="N/A", B2="N/A"),"N/A",G2*$B2) -> N/A | I2: ="N/A" -> N/A | J2: =IFERROR(_xlfn.XLOOKUP(A2,Microsoft!A:A,Microsoft!B:B),"N/A") -> N/A | K2: =IF(OR(J2="N/A",B2="N/A"),"N/A",J2*B2) -> N/A | L2: ="N/A" -> N/A | M2: =IFERROR(_xlfn.XLOOKUP($A2,Cisco!A:A,Cisco!B:B),"N/A") -> N/A | N2: =IF(OR(M2="N/A",$B2="N/A"),"N/A",M2*$B2) -> N/A | O2: N/A | P2: =IFERROR(_xlfn.XLOOKUP($A2,Disney!A:A,Disney!B:B),"N/A") -> N/A | Q2: =IF(OR(P2="N/A",$B2="N/A"),"N/A",P2*$B2) -> N/A | R2: N/A | S2: =_xlfn.XLOOKUP(A2,FedEx!A:A,FedEx!B:B,"N/A") -> N/A | T2: =IF(OR(S2="N/A",$B2="N/A"),"N/A",S2*$B2) -> N/A | U2: N/A | V2: =_xlfn.XLOOKUP($A2,'General Motors'!A:A,'General Motors'!B:B,"N/A") -> N/A | W2: =IF(OR(V2="N/A",$B2="N/A"),"N/A",V2*$B2) -> N/A | X2: N/A | Y2: =_xlfn.XLOOKUP($A2,Chevron!A:A,Chevron!B:B,"N/A") -> N/A | Z2: =IF(OR(Y2="N/A",$B2="N/A"),"N/A",Y2*$B2) -> N/A | AA2: N/A | AB2: =_xlfn.XLOOKUP($A2,Boeing!A:A,Boeing!B:B,"N/A") -> N/A | AC2: =IF(OR(AB2="N/A",$B2="N/A"),"N/A",AB2*$B2) -> N/A | AD2: N/A | AE2: =_xlfn.XLOOKUP(A2,Amazon!A:A,Amazon!B:B,"N/A") -> N/A | AF2: =IF(OR(AE2="N/A",$B2="N/A"),"N/A",AE2*$B2) -> N/A | AG2: N/A | AH2: N/A | AI2: N/A | AJ2: N/A
A3: 45201 | B3: =_xlfn.XLOOKUP(A3,'USD RUB'!B:B,'USD RUB'!C:C,"N/A") -> N/A | C3: =IFERROR(EXP(_xlfn.XLOOKUP(A3,'Bonds (CP)'!$A$4:$A$513,'Work Sheet'!$B$3:$B$512)/252)-1,"N/A") -> N/A | D3: =IFERROR(_xlfn.XLOOKUP($A3,Intel!$A$2:$A$502,Intel!$B$2:$B$502),"N/A") -> 35.46 | E3: =IF(OR(D3="N/A", $B3="N/A"),"N/A",D3*$B3) -> N/A | F3: =IF(E2="N/A", "N/A", IF(OR(E3="N/A",E2="N/A"),"N/A",E3/E2-1)) -> N/A | G3: =IFERROR(_xlfn.XLOOKUP(A3,Apple!A:A,Apple!B:B),"N/A") -> 173.75 | H3: =IF(OR(G3="N/A", B3="N/A"),"N/A",G3*$B3) -> N/A | I3: =IF(OR(H3="N/A",H2="N/A"), "N/A", H3/H2-1) -> N/A | J3: =IFERROR(_xlfn.XLOOKUP(A3,Microsoft!A:A,Microsoft!B:B),"N/A") -> 321.8 | K3: =IF(OR(J3="N/A",B3="N/A"),"N/A",J3*B3) -> N/A | L3: =IF(OR(K3="N/A",K2="N/A"), "N/A", K3/K2-1) -> N/A | M3: =IFERROR(_xlfn.XLOOKUP($A3,Cisco!A:A,Cisco!B:B),"N/A") -> 54.39 | N3: =IF(OR(M3="N/A",$B3="N/A"),"N/A",M3*$B3) -> N/A | O3: =IF(OR(N3="N/A",N2="N/A"),"N/A",N3/N2-1) -> N/A | P3: =IFERROR(_xlfn.XLOOKUP($A3,Disney!A:A,Disney!B:B),"N/A") -> 81.67 | Q3: =IF(OR(P3="N/A",$B3="N/A"),"N/A",P3*$B3) -> N/A | R3: =IF(OR(Q3="N/A",Q2="N/A"),"N/A",Q3/Q2-1) -> N/A | S3: =_xlfn.XLOOKUP(A3,FedEx!A:A,FedEx!B:B,"N/A") -> 265.11 | T3: =IF(OR(S3="N/A",$B3="N/A"),"N/A",S3*$B3) -> N/A | U3: =IF(OR(T3="N/A",T2="N/A"),"N/A",T3/T2-1) -> N/A | V3: =_xlfn.XLOOKUP($A3,'General Motors'!A:A,'General Motors'!B:B,"N/A") -> 32.47 | W3: =IF(OR(V3="N/A",$B3="N/A"),"N/A",V3*$B3) -> N/A | X3: =IF(OR(W3="N/A",W2="N/A"),"N/A",W3/W2-1) -> N/A | Y3: =_xlfn.XLOOKUP($A3,Chevron!A:A,Chevron!B:B,"N/A") -> 166.54 | Z3: =IF(OR(Y3="N/A",$B3="N/A"),"N/A",Y3*$B3) -> N/A | AA3: =IF(OR(Z3="N/A",Z2="N/A"),"N/A",Z3/Z2-1) -> N/A | AB3: =_xlfn.XLOOKUP($A3,Boeing!A:A,Boeing!B:B,"N/A") -> 187.83 | AC3: =IF(OR(AB3="N/A",$B3="N/A"),"N/A",AB3*$B3) -> N/A | AD3: =IF(OR(AC3="N/A",AC2="N/A"),"N/A",AC3/AC2-1) -> N/A | AE3: =_xlfn.XLOOKUP(A3,Amazon!A:A,Amazon!B:B,"N/A") -> 129.46 | AF3: =IF(OR(AE3="N/A",$B3="N/A"),"N/A",AE3*$B3) -> N/A | AG3: =IF(OR(AF3="N/A",AF2="N/A"),"N/A",AF3/AF2-1) -> N/A | AH3: 4288.39 | AI3: N/A | AJ3: N/A
A4: 45202 | B4: =_xlfn.XLOOKUP(A4,'USD RUB'!B:B,'USD RUB'!C:C,"N/A") -> 98.4785 | C4: =IFERROR(EXP(_xlfn.XLOOKUP(A4,'Bonds (CP)'!$A$4:$A$513,'Work Sheet'!$B$3:$B$512)/252)-1,"N/A") -> 0.47814467 | D4: =IFERROR(_xlfn.XLOOKUP($A4,Intel!$A$2:$A$502,Intel!$B$2:$B$502),"N/A") -> 35.69 | E4: =IF(OR(D4="N/A", $B4="N/A"),"N/A",D4*$B4) -> 3514.6977 | F4: =IF(E3="N/A", "N/A", IF(OR(E4="N/A",E3="N/A"),"N/A",E4/E3-1)) -> N/A | G4: =IFERROR(_xlfn.XLOOKUP(A4,Apple!A:A,Apple!B:B),"N/A") -> 172.4 | H4: =IF(OR(G4="N/A", B4="N/A"),"N/A",G4*$B4) -> 16977.693 | I4: =IF(OR(H4="N/A",H3="N/A"), "N/A", H4/H3-1) -> N/A | J4: =IFERROR(_xlfn.XLOOKUP(A4,Microsoft!A:A,Microsoft!B:B),"N/A") -> 313.39 | K4: =IF(OR(J4="N/A",B4="N/A"),"N/A",J4*B4) -> 30862.177 | L4: =IF(OR(K4="N/A",K3="N/A"), "N/A", K4/K3-1) -> N/A | M4: =IFERROR(_xlfn.XLOOKUP($A4,Cisco!A:A,Cisco!B:B),"N/A") -> 53.65 | N4: =IF(OR(M4="N/A",$B4="N/A"),"N/A",M4*$B4) -> 5283.3715 | O4: =IF(OR(N4="N/A",N3="N/A"),"N/A",N4/N3-1) -> N/A | P4: =IFERROR(_xlfn.XLOOKUP($A4,Disney!A:A,Disney!B:B),"N/A") -> 79.54 | Q4: =IF(OR(P4="N/A",$B4="N/A"),"N/A",P4*$B4) -> 7832.9799 | R4: =IF(OR(Q4="N/A",Q3="N/A"),"N/A",Q4/Q3-1) -> N/A | S4: =_xlfn.XLOOKUP(A4,FedEx!A:A,FedEx!B:B,"N/A") -> 260.19 | T4: =IF(OR(S4="N/A",$B4="N/A"),"N/A",S4*$B4) -> 25623.121 | U4: =IF(OR(T4="N/A",T3="N/A"),"N/A",T4/T3-1) -> N/A | V4: =_xlfn.XLOOKUP($A4,'General Motors'!A:A,'General Motors'!B:B,"N/A") -> 31.38 | W4: =IF(OR(V4="N/A",$B4="N/A"),"N/A",V4*$B4) -> 3090.2553 | X4: =IF(OR(W4="N/A",W3="N/A"),"N/A",W4/W3-1) -> N/A | Y4: =_xlfn.XLOOKUP($A4,Chevron!A:A,Chevron!B:B,"N/A") -> 166.93 | Z4: =IF(OR(Y4="N/A",$B4="N/A"),"N/A",Y4*$B4) -> 16439.016 | AA4: =IF(OR(Z4="N/A",Z3="N/A"),"N/A",Z4/Z3-1) -> N/A | AB4: =_xlfn.XLOOKUP($A4,Boeing!A:A,Boeing!B:B,"N/A") -> 188.92 | AC4: =IF(OR(AB4="N/A",$B4="N/A"),"N/A",AB4*$B4) -> 18604.558 | AD4: =IF(OR(AC4="N/A",AC3="N/A"),"N/A",AC4/AC3-1) -> N/A | AE4: =_xlfn.XLOOKUP(A4,Amazon!A:A,Amazon!B:B,"N/A") -> 124.72 | AF4: =IF(OR(AE4="N/A",$B4="N/A"),"N/A",AE4*$B4) -> 12282.239 | AG4: =IF(OR(AF4="N/A",AF3="N/A"),"N/A",AF4/AF3-1) -> N/A | AH4: 4229.45 | AI4: 416509.89 | AJ4: N/A
A5: 45203 | B5: =_xlfn.XLOOKUP(A5,'USD RUB'!B:B,'USD RUB'!C:C,"N/A") -> 99.2677 | C5: =IFERROR(EXP(_xlfn.XLOOKUP(A5,'Bonds (CP)'!$A$4:$A$513,'Work Sheet'!$B$3:$B$512)/252)-1,"N/A") -> 0.4827811 | D5: =IFERROR(_xlfn.XLOOKUP($A5,Intel!$A$2:$A$502,Intel!$B$2:$B$502),"N/A") -> 35.93 | E5: =IF(OR(D5="N/A", $B5="N/A"),"N/A",D5*$B5) -> 3566.6885 | F5: =IF(E4="N/A", "N/A", IF(OR(E5="N/A",E4="N/A"),"N/A",E5/E4-1)) -> 0.014792395 | G5: =IFERROR(_xlfn.XLOOKUP(A5,Apple!A:A,Apple!B:B),"N/A") -> 173.66 | H5: =IF(OR(G5="N/A", B5="N/A"),"N/A",G5*$B5) -> 17238.829 | I5: =IF(OR(H5="N/A",H4="N/A"), "N/A", H5/H4-1) -> 0.015381087 | J5: =IFERROR(_xlfn.XLOOKUP(A5,Microsoft!A:A,Microsoft!B:B),"N/A") -> 318.95 | K5: =IF(OR(J5="N/A",B5="N/A"),"N/A",J5*B5) -> 31661.433 | L5: =IF(OR(K5="N/A",K4="N/A"), "N/A", K5/K4-1) -> 0.025897583 | M5: =IFERROR(_xlfn.XLOOKUP($A5,Cisco!A:A,Cisco!B:B),"N/A") -> 53.45 | N5: =IF(OR(M5="N/A",$B5="N/A"),"N/A",M5*$B5) -> 5305.8586 | O5: =IF(OR(N5="N/A",N4="N/A"),"N/A",N5/N4-1) -> 0.0042561913 | P5: =IFERROR(_xlfn.XLOOKUP($A5,Disney!A:A,Disney!B:B),"N/A") -> 79.32 | Q5: =IF(OR(P5="N/A",$B5="N/A"),"N/A",P5*$B5) -> 7873.914 | R5: =IF(OR(Q5="N/A",Q4="N/A"),"N/A",Q5/Q4-1) -> 0.0052258623 | S5: =_xlfn.XLOOKUP(A5,FedEx!A:A,FedEx!B:B,"N/A") -> 260.05 | T5: =IF(OR(S5="N/A",$B5="N/A"),"N/A",S5*$B5) -> 25814.565 | U5: =IF(OR(T5="N/A",T4="N/A"),"N/A",T5/T4-1) -> 0.0074715516 | V5: =_xlfn.XLOOKUP($A5,'General Motors'!A:A,'General Motors'!B:B,"N/A") -> 31.04 | W5: =IF(OR(V5="N/A",$B5="N/A"),"N/A",V5*$B5) -> 3081.2694 | X5: =IF(OR(W5="N/A",W4="N/A"),"N/A",W5/W4-1) -> -0.0029078251 | Y5: =_xlfn.XLOOKUP($A5,Chevron!A:A,Chevron!B:B,"N/A") -> 163.04 | Z5: =IF(OR(Y5="N/A",$B5="N/A"),"N/A",Y5*$B5) -> 16184.606 | AA5: =IF(OR(Z5="N/A",Z4="N/A"),"N/A",Z5/Z4-1) -> -0.015475999 | AB5: =_xlfn.XLOOKUP($A5,Boeing!A:A,Boeing!B:B,"N/A") -> 186.73 | AC5: =IF(OR(AB5="N/A",$B5="N/A"),"N/A",AB5*$B5) -> 18536.258 | AD5: =IF(OR(AC5="N/A",AC4="N/A"),"N/A",AC5/AC4-1) -> -0.0036711755 | AE5: =_xlfn.XLOOKUP(A5,Amazon!A:A,Amazon!B:B,"N/A") -> 127 | AF5: =IF(OR(AE5="N/A",$B5="N/A"),"N/A",AE5*$B5) -> 12606.998 | AG5: =IF(OR(AF5="N/A",AF4="N/A"),"N/A",AF5/AF4-1) -> 0.026441384 | AH5: 4263.75 | AI5: 423252.66 | AJ5: 0.01618872
A6: 45204 | B6: =_xlfn.XLOOKUP(A6,'USD RUB'!B:B,'USD RUB'!C:C,"N/A") -> 99.4555 | C6: =IFERROR(EXP(_xlfn.XLOOKUP(A6,'Bonds (CP)'!$A$4:$A$513,'Work Sheet'!$B$3:$B$512)/252)-1,"N/A") -> 0.48388653 | D6: =IFERROR(_xlfn.XLOOKUP($A6,Intel!$A$2:$A$502,Intel!$B$2:$B$502),"N/A") -> 35.89 | E6: =IF(OR(D6="N/A", $B6="N/A"),"N/A",D6*$B6) -> 3569.4579 | F6: =IF(E5="N/A", "N/A", IF(OR(E6="N/A",E5="N/A"),"N/A",E6/E5-1)) -> 0.00077647208 | G6: =IFERROR(_xlfn.XLOOKUP(A6,Apple!A:A,Apple!B:B),"N/A") -> 174.91 | H6: =IF(OR(G6="N/A", B6="N/A"),"N/A",G6*$B6) -> 17395.762 | I6: =IF(OR(H6="N/A",H5="N/A"), "N/A", H6/H5-1) -> 0.0091034446 | J6: =IFERROR(_xlfn.XLOOKUP(A6,Microsoft!A:A,Microsoft!B:B),"N/A") -> 319.36 | K6: =IF(OR(J6="N/A",B6="N/A"),"N/A",J6*B6) -> 31762.108 | L6: =IF(OR(K6="N/A",K5="N/A"), "N/A", K6/K5-1) -> 0.0031797539 | M6: =IFERROR(_xlfn.XLOOKUP($A6,Cisco!A:A,Cisco!B:B),"N/A") -> 53.07 | N6: =IF(OR(M6="N/A",$B6="N/A"),"N/A",M6*$B6) -> 5278.1034 | O6: =IF(OR(N6="N/A",N5="N/A"),"N/A",N6/N5-1) -> -0.0052310441 | P6: =IFERROR(_xlfn.XLOOKUP($A6,Disney!A:A,Disney!B:B),"N/A") -> 80.81 | Q6: =IF(OR(P6="N/A",$B6="N/A"),"N/A",P6*$B6) -> 8036.999 | R6: =IF(OR(Q6="N/A",Q5="N/A"),"N/A",Q6/Q5-1) -> 0.020712062 | S6: =_xlfn.XLOOKUP(A6,FedEx!A:A,FedEx!B:B,"N/A") -> 259.16 | T6: =IF(OR(S6="N/A",$B6="N/A"),"N/A",S6*$B6) -> 25774.887 | U6: =IF(OR(T6="N/A",T5="N/A"),"N/A",T6/T5-1) -> -0.0015370394 | V6: =_xlfn.XLOOKUP($A6,'General Motors'!A:A,'General Motors'!B:B,"N/A") -> 30.31 | W6: =IF(OR(V6="N/A",$B6="N/A"),"N/A",V6*$B6) -> 3014.4962 | X6: =IF(OR(W6="N/A",W5="N/A"),"N/A",W6/W5-1) -> -0.02167068 | Y6: =_xlfn.XLOOKUP($A6,Chevron!A:A,Chevron!B:B,"N/A") -> 163.9 | Z6: =IF(OR(Y6="N/A",$B6="N/A"),"N/A",Y6*$B6) -> 16300.756 | AA6: =IF(OR(Z6="N/A",Z5="N/A"),"N/A",Z6/Z5-1) -> 0.0071766124 | AB6: =_xlfn.XLOOKUP($A6,Boeing!A:A,Boeing!B:B,"N/A") -> 186.29 | AC6: =IF(OR(AB6="N/A",$B6="N/A"),"N/A",AB6*$B6) -> 18527.565 | AD6: =IF(OR(AC6="N/A",AC5="N/A"),"N/A",AC6/AC5-1) -> -0.00046894719 | AE6: =_xlfn.XLOOKUP(A6,Amazon!A:A,Amazon!B:B,"N/A") -> 125.96 | AF6: =IF(OR(AE6="N/A",$B6="N/A"),"N/A",AE6*$B6) -> 12527.415 | AG6: =IF(OR(AF6="N/A",AF5="N/A"),"N/A",AF6/AF5-1) -> -0.0063126147 | AH6: 4258.19 | AI6: 423500.42 | AJ6: 0.00058537
A7: 45205 | B7: =_xlfn.XLOOKUP(A7,'USD RUB'!B:B,'USD RUB'!C:C,"N/A") -> 99.6762 | C7: =IFERROR(EXP(_xlfn.XLOOKUP(A7,'Bonds (CP)'!$A$4:$A$513,'Work Sheet'!$B$3:$B$512)/252)-1,"N/A") -> 0.48518668 | D7: =IFERROR(_xlfn.XLOOKUP($A7,Intel!$A$2:$A$502,Intel!$B$2:$B$502),"N/A") -> 36.19 | E7: =IF(OR(D7="N/A", $B7="N/A"),"N/A",D7*$B7) -> 3607.2817 | F7: =IF(E6="N/A", "N/A", IF(OR(E7="N/A",E6="N/A"),"N/A",E7/E6-1)) -> 0.010596506 | G7: =IFERROR(_xlfn.XLOOKUP(A7,Apple!A:A,Apple!B:B),"N/A") -> 177.49 | H7: =IF(OR(G7="N/A", B7="N/A"),"N/A",G7*$B7) -> 17691.529 | I7: =IF(OR(H7="N/A",H6="N/A"), "N/A", H7/H6-1) -> 0.017002258 | J7: =IFERROR(_xlfn.XLOOKUP(A7,Microsoft!A:A,Microsoft!B:B),"N/A") -> 327.26 | K7: =IF(OR(J7="N/A",B7="N/A"),"N/A",J7*B7) -> 32620.033 | L7: =IF(OR(K7="N/A",K6="N/A"), "N/A", K7/K6-1) -> 0.02701095 | M7: =IFERROR(_xlfn.XLOOKUP($A7,Cisco!A:A,Cisco!B:B),"N/A") -> 53.45 | N7: =IF(OR(M7="N/A",$B7="N/A"),"N/A",M7*$B7) -> 5327.6929 | O7: =IF(OR(N7="N/A",N6="N/A"),"N/A",N7/N6-1) -> 0.0093953266 | P7: =IFERROR(_xlfn.XLOOKUP($A7,Disney!A:A,Disney!B:B),"N/A") -> 82.94 | Q7: =IF(OR(P7="N/A",$B7="N/A"),"N/A",P7*$B7) -> 8267.144 | R7: =IF(OR(Q7="N/A",Q6="N/A"),"N/A",Q7/Q6-1) -> 0.028635698 | S7: =_xlfn.XLOOKUP(A7,FedEx!A:A,FedEx!B:B,"N/A") -> 257.9 | T7: =IF(OR(S7="N/A",$B7="N/A"),"N/A",S7*$B7) -> 25706.492 | U7: =IF(OR(T7="N/A",T6="N/A"),"N/A",T7/T6-1) -> -0.0026535674 | V7: =_xlfn.XLOOKUP($A7,'General Motors'!A:A,'General Motors'!B:B,"N/A") -> 30.9 | W7: =IF(OR(V7="N/A",$B7="N/A"),"N/A",V7*$B7) -> 3079.9946 | X7: =IF(OR(W7="N/A",W6="N/A"),"N/A",W7/W6-1) -> 0.021727801 | Y7: =_xlfn.XLOOKUP($A7,Chevron!A:A,Chevron!B:B,"N/A") -> 162.23 | Z7: =IF(OR(Y7="N/A",$B7="N/A"),"N/A",Y7*$B7) -> 16170.47 | AA7: =IF(OR(Z7="N/A",Z6="N/A"),"N/A",Z7/Z6-1) -> -0.0079926674 | AB7: =_xlfn.XLOOKUP($A7,Boeing!A:A,Boeing!B:B,"N/A") -> 187.38 | AC7: =IF(OR(AB7="N/A",$B7="N/A"),"N/A",AB7*$B7) -> 18677.326 | AD7: =IF(OR(AC7="N/A",AC6="N/A"),"N/A",AC7/AC6-1) -> 0.0080831593 | AE7: =_xlfn.XLOOKUP(A7,Amazon!A:A,Amazon!B:B,"N/A") -> 127.96 | AF7: =IF(OR(AE7="N/A",$B7="N/A"),"N/A",AE7*$B7) -> 12754.567 | AG7: =IF(OR(AF7="N/A",AF6="N/A"),"N/A",AF7/AF6-1) -> 0.018132374 | AH7: 879626 | AI7: 429454.91 | AJ7: 0.01406018
A8: 45206 | B8: =_xlfn.XLOOKUP(A8,'USD RUB'!B:B,'USD RUB'!C:C,"N/A") -> 100.4911 | C8: =IFERROR(EXP(_xlfn.XLOOKUP(A8,'Bonds (CP)'!$A$4:$A$513,'Work Sheet'!$B$3:$B$512)/252)-1,"N/A") -> N/A | D8: =IFERROR(_xlfn.XLOOKUP($A8,Intel!$A$2:$A$502,Intel!$B$2:$B$502),"N/A") -> N/A | E8: =IF(OR(D8="N/A", $B8="N/A"),"N/A",D8*$B8) -> N/A | F8: =IF(E7="N/A", "N/A", IF(OR(E8="N/A",E7="N/A"),"N/A",E8/E7-1)) -> N/A | G8: =IFERROR(_xlfn.XLOOKUP(A8,Apple!A:A,Apple!B:B),"N/A") -> N/A | H8: =IF(OR(G8="N/A", B8="N/A"),"N/A",G8*$B8) -> N/A | I8: =IF(OR(H8="N/A",H7="N/A"), "N/A", H8/H7-1) -> N/A | J8: =IFERROR(_xlfn.XLOOKUP(A8,Microsoft!A:A,Microsoft!B:B),"N/A") -> N/A | K8: =IF(OR(J8="N/A",B8="N/A"),"N/A",J8*B8) -> N/A | L8: =IF(OR(K8="N/A",K7="N/A"), "N/A", K8/K7-1) -> N/A | M8: =IFERROR(_xlfn.XLOOKUP($A8,Cisco!A:A,Cisco!B:B),"N/A") -> N/A | N8: =IF(OR(M8="N/A",$B8="N/A"),"N/A",M8*$B8) -> N/A | O8: =IF(OR(N8="N/A",N7="N/A"),"N/A",N8/N7-1) -> N/A | P8: =IFERROR(_xlfn.XLOOKUP($A8,Disney!A:A,Disney!B:B),"N/A") -> N/A | Q8: =IF(OR(P8="N/A",$B8="N/A"),"N/A",P8*$B8) -> N/A | R8: =IF(OR(Q8="N/A",Q7="N/A"),"N/A",Q8/Q7-1) -> N/A | S8: =_xlfn.XLOOKUP(A8,FedEx!A:A,FedEx!B:B,"N/A") -> N/A | T8: =IF(OR(S8="N/A",$B8="N/A"),"N/A",S8*$B8) -> N/A | U8: =IF(OR(T8="N/A",T7="N/A"),"N/A",T8/T7-1) -> N/A | V8: =_xlfn.XLOOKUP($A8,'General Motors'!A:A,'General Motors'!B:B,"N/A") -> N/A | W8: =IF(OR(V8="N/A",$B8="N/A"),"N/A",V8*$B8) -> N/A | X8: =IF(OR(W8="N/A",W7="N/A"),"N/A",W8/W7-1) -> N/A | Y8: =_xlfn.XLOOKUP($A8,Chevron!A:A,Chevron!B:B,"N/A") -> N/A | Z8: =IF(OR(Y8="N/A",$B8="N/A"),"N/A",Y8*$B8) -> N/A | AA8: =IF(OR(Z8="N/A",Z7="N/A"),"N/A",Z8/Z7-1) -> N/A | AB8: =_xlfn.XLOOKUP($A8,Boeing!A:A,Boeing!B:B,"N/A") -> N/A | AC8: =IF(OR(AB8="N/A",$B8="N/A"),"N/A",AB8*$B8) -> N/A | AD8: =IF(OR(AC8="N/A",AC7="N/A"),"N/A",AC8/AC7-1) -> N/A | AE8: =_xlfn.XLOOKUP(A8,Amazon!A:A,Amazon!B:B,"N/A") -> N/A | AF8: =IF(OR(AE8="N/A",$B8="N/A"),"N/A",AE8*$B8) -> N/A | AG8: =IF(OR(AF8="N/A",AF7="N/A"),"N/A",AF8/AF7-1) -> N/A | AH8: N/A | AI8: N/A | AJ8: N/A
A9: 45207 | B9: =_xlfn.XLOOKUP(A9,'USD RUB'!B:B,'USD RUB'!C:C,"N/A") -> N/A | C9: =IFERROR(EXP(_xlfn.XLOOKUP(A9,'Bonds (CP)'!$A$4:$A$513,'Work Sheet'!$B$3:$B$512)/252)-1,"N/A") -> N/A | D9: =IFERROR(_xlfn.XLOOKUP($A9,Intel!$A$2:$A$502,Intel!$B$2:$B$502),"N/A") -> N/A | E9: =IF(OR(D9="N/A", $B9="N/A"),"N/A",D9*$B9) -> N/A | F9: =IF(E8="N/A", "N/A", IF(OR(E9="N/A",E8="N/A"),"N/A",E9/E8-1)) -> N/A | G9: =IFERROR(_xlfn.XLOOKUP(A9,Apple!A:A,Apple!B:B),"N/A") -> N/A | H9: =IF(OR(G9="N/A", B9="N/A"),"N/A",G9*$B9) -> N/A | I9: =IF(OR(H9="N/A",H8="N/A"), "N/A", H9/H8-1) -> N/A | J9: =IFERROR(_xlfn.XLOOKUP(A9,Microsoft!A:A,Microsoft!B:B),"N/A") -> N/A | K9: =IF(OR(J9="N/A",B9="N/A"),"N/A",J9*B9) -> N/A | L9: =IF(OR(K9="N/A",K8="N/A"), "N/A", K9/K8-1) -> N/A | M9: =IFERROR(_xlfn.XLOOKUP($A9,Cisco!A:A,Cisco!B:B),"N/A") -> N/A | N9: =IF(OR(M9="N/A",$B9="N/A"),"N/A",M9*$B9) -> N/A | O9: =IF(OR(N9="N/A",N8="N/A"),"N/A",N9/N8-1) -> N/A | P9: =IFERROR(_xlfn.XLOOKUP($A9,Disney!A:A,Disney!B:B),"N/A") -> N/A | Q9: =IF(OR(P9="N/A",$B9="N/A"),"N/A",P9*$B9) -> N/A | R9: =IF(OR(Q9="N/A",Q8="N/A"),"N/A",Q9/Q8-1) -> N/A | S9: =_xlfn.XLOOKUP(A9,FedEx!A:A,FedEx!B:B,"N/A") -> N/A | T9: =IF(OR(S9="N/A",$B9="N/A"),"N/A",S9*$B9) -> N/A | U9: =IF(OR(T9="N/A",T8="N/A"),"N/A",T9/T8-1) -> N/A | V9: =_xlfn.XLOOKUP($A9,'General Motors'!A:A,'General Motors'!B:B,"N/A") -> N/A | W9: =IF(OR(V9="N/A",$B9="N/A"),"N/A",V9*$B9) -> N/A | X9: =IF(OR(W9="N/A",W8="N/A"),"N/A",W9/W8-1) -> N/A | Y9: =_xlfn.XLOOKUP($A9,Chevron!A:A,Chevron!B:B,"N/A") -> N/A | Z9: =IF(OR(Y9="N/A",$B9="N/A"),"N/A",Y9*$B9) -> N/A | AA9: =IF(OR(Z9="N/A",Z8="N/A"),"N/A",Z9/Z8-1) -> N/A | AB9: =_xlfn.XLOOKUP($A9,Boeing!A:A,Boeing!B:B,"N/A") -> N/A | AC9: =IF(OR(AB9="N/A",$B9="N/A"),"N/A",AB9*$B9) -> N/A | AD9: =IF(OR(AC9="N/A",AC8="N/A"),"N/A",AC9/AC8-1) -> N/A | AE9: =_xlfn.XLOOKUP(A9,Amazon!A:A,Amazon!B:B,"N/A") -> N/A | AF9: =IF(OR(AE9="N/A",$B9="N/A"),"N/A",AE9*$B9) -> N/A | AG9: =IF(OR(AF9="N/A",AF8="N/A"),"N/A",AF9/AF8-1) -> N/A | AH9: N/A | AI9: N/A | AJ9: N/A
A10: 45208 | B10: =_xlfn.XLOOKUP(A10,'USD RUB'!B:B,'USD RUB'!C:C,"N/A") -> N/A | C10: =IFERROR(EXP(_xlfn.XLOOKUP(A10,'Bonds (CP)'!$A$4:$A$513,'Work Sheet'!$B$3:$B$512)/252)-1,"N/A") -> 0.48999715 | D10: =IFERROR(_xlfn.XLOOKUP($A10,Intel!$A$2:$A$502,Intel!$B$2:$B$502),"N/A") -> 36.06 | E10: =IF(OR(D10="N/A", $B10="N/A"),"N/A",D10*$B10) -> N/A | F10: =IF(E9="N/A", "N/A", IF(OR(E10="N/A",E9="N/A"),"N/A",E10/E9-1)) -> N/A | G10: =IFERROR(_xlfn.XLOOKUP(A10,Apple!A:A,Apple!B:B),"N/A") -> 178.99 | H10: =IF(OR(G10="N/A", B10="N/A"),"N/A",G10*$B10) -> N/A | I10: =IF(OR(H10="N/A",H9="N/A"), "N/A", H10/H9-1) -> N/A | J10: =IFERROR(_xlfn.XLOOKUP(A10,Microsoft!A:A,Microsoft!B:B),"N/A") -> 329.82 | K10: =IF(OR(J10="N/A",B10="N/A"),"N/A",J10*B10) -> N/A | L10: =IF(OR(K10="N/A",K9="N/A"), "N/A", K10/K9-1) -> N/A | M10: =IFERROR(_xlfn.XLOOKUP($A10,Cisco!A:A,Cisco!B:B),"N/A") -> 53.92 | N10: =IF(OR(M10="N/A",$B10="N/A"),"N/A",M10*$B10) -> N/A | O10: =IF(OR(N10="N/A",N9="N/A"),"N/A",N10/N9-1) -> N/A | P10: =IFERROR(_xlfn.XLOOKUP($A10,Disney!A:A,Disney!B:B),"N/A") -> 84.7 | Q10: =IF(OR(P10="N/A",$B10="N/A"),"N/A",P10*$B10) -> N/A | R10: =IF(OR(Q10="N/A",Q9="N/A"),"N/A",Q10/Q9-1) -> N/A | S10: =_xlfn.XLOOKUP(A10,FedEx!A:A,FedEx!B:B,"N/A") -> 255.72 | T10: =IF(OR(S10="N/A",$B10="N/A"),"N/A",S10*$B10) -> N/A | U10: =IF(OR(T10="N/A",T9="N/A"),"N/A",T10/T9-1) -> N/A | V10: =_xlfn.XLOOKUP($A10,'General Motors'!A:A,'General Motors'!B:B,"N/A") -> 30.99 | W10: =IF(OR(V10="N/A",$B10="N/A"),"N/A",V10*$B10) -> N/A | X10: =IF(OR(W10="N/A",W9="N/A"),"N/A",W10/W9-1) -> N/A | Y10: =_xlfn.XLOOKUP($A10,Chevron!A:A,Chevron!B:B,"N/A") -> 166.72 | Z10: =IF(OR(Y10="N/A",$B10="N/A"),"N/A",Y10*$B10) -> N/A | AA10: =IF(OR(Z10="N/A",Z9="N/A"),"N/A",Z10/Z9-1) -> N/A | AB10: =_xlfn.XLOOKUP($A10,Boeing!A:A,Boeing!B:B,"N/A") -> 188.49 | AC10: =IF(OR(AB10="N/A",$B10="N/A"),"N/A",AB10*$B10) -> N/A | AD10: =IF(OR(AC10="N/A",AC9="N/A"),"N/A",AC10/AC9-1) -> N/A | AE10: =_xlfn.XLOOKUP(A10,Amazon!A:A,Amazon!B:B,"N/A") -> 128.26 | AF10: =IF(OR(AE10="N/A",$B10="N/A"),"N/A",AE10*$B10) -> N/A | AG10: =IF(OR(AF10="N/A",AF9="N/A"),"N/A",AF10/AF9-1) -> N/A | AH10: 4335.66 | AI10: N/A | AJ10: N/A
A11: 45209 | B11: =_xlfn.XLOOKUP(A11,'USD RUB'!B:B,'USD RUB'!C:C,"N/A") -> 101.3598 | C11: =IFERROR(EXP(_xlfn.XLOOKUP(A11,'Bonds (CP)'!$A$4:$A$513,'Work Sheet'!$B$3:$B$512)/252)-1,"N/A") -> N/A | D11: =IFERROR(_xlfn.XLOOKUP($A11,Intel!$A$2:$A$502,Intel!$B$2:$B$502),"N/A") -> 36.43 | E11: =IF(OR(D11="N/A", $B11="N/A"),"N/A",D11*$B11) -> 3692.5375 | F11: =IF(E10="N/A", "N/A", IF(OR(E11="N/A",E10="N/A"),"N/A",E11/E10-1)) -> N/A | G11: =IFERROR(_xlfn.XLOOKUP(A11,Apple!A:A,Apple!B:B),"N/A") -> 178.39 | H11: =IF(OR(G11="N/A", B11="N/A"),"N/A",G11*$B11) -> 18081.575 | I11: =IF(OR(H11="N/A",H10="N/A"), "N/A", H11/H10-1) -> N/A | J11: =IFERROR(_xlfn.XLOOKUP(A11,Microsoft!A:A,Microsoft!B:B),"N/A") -> 328.39 | K11: =IF(OR(J11="N/A",B11="N/A"),"N/A",J11*B11) -> 33285.545 | L11: =IF(OR(K11="N/A",K10="N/A"), "N/A", K11/K10-1) -> N/A | M11: =IFERROR(_xlfn.XLOOKUP($A11,Cisco!A:A,Cisco!B:B),"N/A") -> 53.87 | N11: =IF(OR(M11="N/A",$B11="N/A"),"N/A",M11*$B11) -> 5460.2524 | O11: =IF(OR(N11="N/A",N10="N/A"),"N/A",N11/N10-1) -> N/A | P11: =IFERROR(_xlfn.XLOOKUP($A11,Disney!A:A,Disney!B:B),"N/A") -> 84.99 | Q11: =IF(OR(P11="N/A",$B11="N/A"),"N/A",P11*$B11) -> 8614.5694 | R11: =IF(OR(Q11="N/A",Q10="N/A"),"N/A",Q11/Q10-1) -> N/A | S11: =_xlfn.XLOOKUP(A11,FedEx!A:A,FedEx!B:B,"N/A") -> 256.79 | T11: =IF(OR(S11="N/A",$B11="N/A"),"N/A",S11*$B11) -> 26028.183 | U11: =IF(OR(T11="N/A",T10="N/A"),"N/A",T11/T10-1) -> N/A | V11: =_xlfn.XLOOKUP($A11,'General Motors'!A:A,'General Motors'!B:B,"N/A") -> 31.48 | W11: =IF(OR(V11="N/A",$B11="N/A"),"N/A",V11*$B11) -> 3190.8065 | X11: =IF(OR(W11="N/A",W10="N/A"),"N/A",W11/W10-1) -> N/A | Y11: =_xlfn.XLOOKUP($A11,Chevron!A:A,Chevron!B:B,"N/A") -> 166.54 | Z11: =IF(OR(Y11="N/A",$B11="N/A"),"N/A",Y11*$B11) -> 16880.461 | AA11: =IF(OR(Z11="N/A",Z10="N/A"),"N/A",Z11/Z10-1) -> N/A | AB11: =_xlfn.XLOOKUP($A11,Boeing!A:A,Boeing!B:B,"N/A") -> 193.53 | AC11: =IF(OR(AB11="N/A",$B11="N/A"),"N/A",AB11*$B11) -> 19616.162 | AD11: =IF(OR(AC11="N/A",AC10="N/A"),"N/A",AC11/AC10-1) -> N/A | AE11: =_xlfn.XLOOKUP(A11,Amazon!A:A,Amazon!B:B,"N/A") -> 129.48 | AF11: =IF(OR(AE11="N/A",$B11="N/A"),"N/A",AE11*$B11) -> 13124.067 | AG11: =IF(OR(AF11="N/A",AF10="N/A"),"N/A",AF11/AF10-1) -> N/A | AH11: 4358.24 | AI11: 441750.33 | AJ11: N/A
A12: 45210 | B12: =_xlfn.XLOOKUP(A12,'USD RUB'!B:B,'USD RUB'!C:C,"N/A") -> 99.9349 | C12: =IFERROR(EXP(_xlfn.XLOOKUP(A12,'Bonds (CP)'!$A$4:$A$513,'Work Sheet'!$B$3:$B$512)/252)-1,"N/A") -> N/A | D12: =IFERROR(_xlfn.XLOOKUP($A12,Intel!$A$2:$A$502,Intel!$B$2:$B$502),"N/A") -> 36.88 | E12: =IF(OR(D12="N/A", $B12="N/A"),"N/A",D12*$B12) -> 3685.5991 | F12: =IF(E11="N/A", "N/A", IF(OR(E12="N/A",E11="N/A"),"N/A",E12/E11-1)) -> -0.0018790336 | G12: =IFERROR(_xlfn.XLOOKUP(A12,Apple!A:A,Apple!B:B),"N/A") -> 179.8 | H12: =IF(OR(G12="N/A", B12="N/A"),"N/A",G12*$B12) -> 17968.295 | I12: =IF(OR(H12="N/A",H11="N/A"), "N/A", H12/H11-1) -> -0.0062649246 | J12: =IFERROR(_xlfn.XLOOKUP(A12,Microsoft!A:A,Microsoft!B:B),"N/A") -> 332.42 | K12: =IF(OR(J12="N/A",B12="N/A"),"N/A",J12*B12) -> 33220.359 | L12: =IF(OR(K12="N/A",K11="N/A"), "N/A", K12/K11-1) -> -0.0019583655 | M12: =IFERROR(_xlfn.XLOOKUP($A12,Cisco!A:A,Cisco!B:B),"N/A") -> 53.66 | N12: =IF(OR(M12="N/A",$B12="N/A"),"N/A",M12*$B12) -> 5362.5067 | O12: =IF(OR(N12="N/A",N11="N/A"),"N/A",N12/N11-1) -> -0.017901314 | P12: =IFERROR(_xlfn.XLOOKUP($A12,Disney!A:A,Disney!B:B),"N/A") -> 84.85 | Q12: =IF(OR(P12="N/A",$B12="N/A"),"N/A",P12*$B12) -> 8479.4763 | R12: =IF(OR(Q12="N/A",Q11="N/A"),"N/A",Q12/Q11-1) -> -0.015681937 | S12: =_xlfn.XLOOKUP(A12,FedEx!A:A,FedEx!B:B,"N/A") -> 255.46 | T12: =IF(OR(S12="N/A",$B12="N/A"),"N/A",S12*$B12) -> 25529.37 | U12: =IF(OR(T12="N/A",T11="N/A"),"N/A",T12/T11-1) -> -0.019164361 | V12: =_xlfn.XLOOKUP($A12,'General Motors'!A:A,'General Motors'!B:B,"N/A") -> 30.98 | W12: =IF(OR(V12="N/A",$B12="N/A"),"N/A",V12*$B12) -> 3095.9832 | X12: =IF(OR(W12="N/A",W11="N/A"),"N/A",W12/W11-1) -> -0.02971766 | Y12: =_xlfn.XLOOKUP($A12,Chevron!A:A,Chevron!B:B,"N/A") -> 161.1 | Z12: =IF(OR(Y12="N/A",$B12="N/A"),"N/A",Y12*$B12) -> 16099.512 | AA12: =IF(OR(Z12="N/A",Z11="N/A"),"N/A",Z12/Z11-1) -> -0.04626347 | AB12: =_xlfn.XLOOKUP($A12,Boeing!A:A,Boeing!B:B,"N/A") -> 196.07 | AC12: =IF(OR(AB12="N/A",$B12="N/A"),"N/A",AB12*$B12) -> 19594.236 | AD12: =IF(OR(AC12="N/A",AC11="N/A"),"N/A",AC12/AC11-1) -> -0.0011177646 | AE12: =_xlfn.XLOOKUP(A12,Amazon!A:A,Amazon!B:B,"N/A") -> 131.83 | AF12: =IF(OR(AE12="N/A",$B12="N/A"),"N/A",AE12*$B12) -> 13174.418 | AG12: =IF(OR(AF12="N/A",AF11="N/A"),"N/A",AF12/AF11-1) -> 0.0038365366 | AH12: 4376.95 | AI12: 437410.06 | AJ12: -0.0098252
A13: 45211 | B13: =_xlfn.XLOOKUP(A13,'USD RUB'!B:B,'USD RUB'!C:C,"N/A") -> 99.9808 | C13: =IFERROR(EXP(_xlfn.XLOOKUP(A13,'Bonds (CP)'!$A$4:$A$513,'Work Sheet'!$B$3:$B$512)/252)-1,"N/A") -> 0.49514236 | D13: =IFERROR(_xlfn.XLOOKUP($A13,Intel!$A$2:$A$502,Intel!$B$2:$B$502),"N/A") -> 36.84 | E13: =IF(OR(D13="N/A", $B13="N/A"),"N/A",D13*$B13) -> 3683.2927 | F13: =IF(E12="N/A", "N/A", IF(OR(E13="N/A",E12="N/A"),"N/A",E13/E12-1)) -> -0.00062579785 | G13: =IFERROR(_xlfn.XLOOKUP(A13,Apple!A:A,Apple!B:B),"N/A") -> 180.71 | H13: =IF(OR(G13="N/A", B13="N/A"),"N/A",G13*$B13) -> 18067.53 | I13: =IF(OR(H13="N/A",H12="N/A"), "N/A", H13/H12-1) -> 0.0055228027 | J13: =IFERROR(_xlfn.XLOOKUP(A13,Microsoft!A:A,Microsoft!B:B),"N/A") -> 331.16 | K13: =IF(OR(J13="N/A",B13="N/A"),"N/A",J13*B13) -> 33109.642 | L13: =IF(OR(K13="N/A",K12="N/A"), "N/A", K13/K12-1) -> -0.0033328276 | M13: =IFERROR(_xlfn.XLOOKUP($A13,Cisco!A:A,Cisco!B:B),"N/A") -> 53.85 | N13: =IF(OR(M13="N/A",$B13="N/A"),"N/A",M13*$B13) -> 5383.9661 | O13: =IF(OR(N13="N/A",N12="N/A"),"N/A",N13/N12-1) -> 0.0040017378 | P13: =IFERROR(_xlfn.XLOOKUP($A13,Disney!A:A,Disney!B:B),"N/A") -> 84.35 | Q13: =IF(OR(P13="N/A",$B13="N/A"),"N/A",P13*$B13) -> 8433.3805 | R13: =IF(OR(Q13="N/A",Q12="N/A"),"N/A",Q13/Q12-1) -> -0.0054361594 | S13: =_xlfn.XLOOKUP(A13,FedEx!A:A,FedEx!B:B,"N/A") -> 252.04 | T13: =IF(OR(S13="N/A",$B13="N/A"),"N/A",S13*$B13) -> 25199.161 | U13: =IF(OR(T13="N/A",T12="N/A"),"N/A",T13/T12-1) -> -0.012934464 | V13: =_xlfn.XLOOKUP($A13,'General Motors'!A:A,'General Motors'!B:B,"N/A") -> 30.32 | W13: =IF(OR(V13="N/A",$B13="N/A"),"N/A",V13*$B13) -> 3031.4179 | X13: =IF(OR(W13="N/A",W12="N/A"),"N/A",W13/W12-1) -> -0.020854553 | Y13: =_xlfn.XLOOKUP($A13,Chevron!A:A,Chevron!B:B,"N/A") -> 161.23 | Z13: =IF(OR(Y13="N/A",$B13="N/A"),"N/A",Y13*$B13) -> 16119.904 | AA13: =IF(OR(Z13="N/A",Z12="N/A"),"N/A",Z13/Z12-1) -> 0.0012666218 | AB13: =_xlfn.XLOOKUP($A13,Boeing!A:A,Boeing!B:B,"N/A") -> 191.3 | AC13: =IF(OR(AB13="N/A",$B13="N/A"),"N/A",AB13*$B13) -> 19126.327 | AD13: =IF(OR(AC13="N/A",AC12="N/A"),"N/A",AC13/AC12-1) -> -0.023879921 | AE13: =_xlfn.XLOOKUP(A13,Amazon!A:A,Amazon!B:B,"N/A") -> 132.33 | AF13: =IF(OR(AE13="N/A",$B13="N/A"),"N/A",AE13*$B13) -> 13230.459 | AG13: =IF(OR(AF13="N/A",AF12="N/A"),"N/A",AF13/AF12-1) -> 0.0042538044 | AH13: 4349.61 | AI13: 434877.49 | AJ13: -0.0057899
A14: 45212 | B14: =_xlfn.XLOOKUP(A14,'USD RUB'!B:B,'USD RUB'!C:C,"N/A") -> 96.9948 | C14: =IFERROR(EXP(_xlfn.XLOOKUP(A14,'Bonds (CP)'!$A$4:$A$513,'Work Sheet'!$B$3:$B$512)/252)-1,"N/A") -> 0.48671214 | D14: =IFERROR(_xlfn.XLOOKUP($A14,Intel!$A$2:$A$502,Intel!$B$2:$B$502),"N/A") -> 35.97 | E14: =IF(OR(D14="N/A", $B14="N/A"),"N/A",D14*$B14) -> 3488.903 | F14: =IF(E13="N/A", "N/A", IF(OR(E14="N/A",E13="N/A"),"N/A",E14/E13-1)) -> -0.052776071 | G14: =IFERROR(_xlfn.XLOOKUP(A14,Apple!A:A,Apple!B:B),"N/A") -> 178.85 | H14: =IF(OR(G14="N/A", B14="N/A"),"N/A",G14*$B14) -> 17347.52 | I14: =IF(OR(H14="N/A",H13="N/A"), "N/A", H14/H13-1) -> -0.039851068 | J14: =IFERROR(_xlfn.XLOOKUP(A14,Microsoft!A:A,Microsoft!B:B),"N/A") -> 327.73 | K14: =IF(OR(J14="N/A",B14="N/A"),"N/A",J14*B14) -> 31788.106 | L14: =IF(OR(K14="N/A",K13="N/A"), "N/A", K14/K13-1) -> -0.03991393 | M14: =IFERROR(_xlfn.XLOOKUP($A14,Cisco!A:A,Cisco!B:B),"N/A") -> 53.77 | N14: =IF(OR(M14="N/A",$B14="N/A"),"N/A",M14*$B14) -> 5215.4104 | O14: =IF(OR(N14="N/A",N13="N/A"),"N/A",N14/N13-1) -> -0.031306974 | P14: =IFERROR(_xlfn.XLOOKUP($A14,Disney!A:A,Disney!B:B),"N/A") -> 84.35 | Q14: =IF(OR(P14="N/A",$B14="N/A"),"N/A",P14*$B14) -> 8181.5114 | R14: =IF(OR(Q14="N/A",Q13="N/A"),"N/A",Q14/Q13-1) -> -0.029865734 | S14: =_xlfn.XLOOKUP(A14,FedEx!A:A,FedEx!B:B,"N/A") -> 242.84 | T14: =IF(OR(S14="N/A",$B14="N/A"),"N/A",S14*$B14) -> 23554.217 | U14: =IF(OR(T14="N/A",T13="N/A"),"N/A",T14/T13-1) -> -0.065277713 | V14: =_xlfn.XLOOKUP($A14,'General Motors'!A:A,'General Motors'!B:B,"N/A") -> 29.66 | W14: =IF(OR(V14="N/A",$B14="N/A"),"N/A",V14*$B14) -> 2876.8658 | X14: =IF(OR(W14="N/A",W13="N/A"),"N/A",W14/W13-1) -> -0.050983433 | Y14: =_xlfn.XLOOKUP($A14,Chevron!A:A,Chevron!B:B,"N/A") -> 164.06 | Z14: =IF(OR(Y14="N/A",$B14="N/A"),"N/A",Y14*$B14) -> 15912.967 | AA14: =IF(OR(Z14="N/A",Z13="N/A"),"N/A",Z14/Z13-1) -> -0.01283739 | AB14: =_xlfn.XLOOKUP($A14,Boeing!A:A,Boeing!B:B,"N/A") -> 184.91 | AC14: =IF(OR(AB14="N/A",$B14="N/A"),"N/A",AB14*$B14) -> 17935.308 | AD14: =IF(OR(AC14="N/A",AC13="N/A"),"N/A",AC14/AC13-1) -> -0.06227116 | AE14: =_xlfn.XLOOKUP(A14,Amazon!A:A,Amazon!B:B,"N/A") -> 129.79 | AF14: =IF(OR(AE14="N/A",$B14="N/A"),"N/A",AE14*$B14) -> 12588.955 | AG14: =IF(OR(AF14="N/A",AF13="N/A"),"N/A",AF14/AF13-1) -> -0.048486916 | AH14: 4327.78 | AI14: 419772.16 | AJ14: -0.0347347
A15: 45213 | B15: =_xlfn.XLOOKUP(A15,'USD RUB'!B:B,'USD RUB'!C:C,"N/A") -> 97.3075 | C15: =IFERROR(EXP(_xlfn.XLOOKUP(A15,'Bonds (CP)'!$A$4:$A$513,'Work Sheet'!$B$3:$B$512)/252)-1,"N/A") -> N/A | D15: =IFERROR(_xlfn.XLOOKUP($A15,Intel!$A$2:$A$502,Intel!$B$2:$B$502),"N/A") -> N/A | E15: =IF(OR(D15="N/A", $B15="N/A"),"N/A",D15*$B15) -> N/A | F15: =IF(E14="N/A", "N/A", IF(OR(E15="N/A",E14="N/A"),"N/A",E15/E14-1)) -> N/A | G15: =IFERROR(_xlfn.XLOOKUP(A15,Apple!A:A,Apple!B:B),"N/A") -> N/A | H15: =IF(OR(G15="N/A", B15="N/A"),"N/A",G15*$B15) -> N/A | I15: =IF(OR(H15="N/A",H14="N/A"), "N/A", H15/H14-1) -> N/A | J15: =IFERROR(_xlfn.XLOOKUP(A15,Microsoft!A:A,Microsoft!B:B),"N/A") -> N/A | K15: =IF(OR(J15="N/A",B15="N/A"),"N/A",J15*B15) -> N/A | L15: =IF(OR(K15="N/A",K14="N/A"), "N/A", K15/K14-1) -> N/A | M15: =IFERROR(_xlfn.XLOOKUP($A15,Cisco!A:A,Cisco!B:B),"N/A") -> N/A | N15: =IF(OR(M15="N/A",$B15="N/A"),"N/A",M15*$B15) -> N/A | O15: =IF(OR(N15="N/A",N14="N/A"),"N/A",N15/N14-1) -> N/A | P15: =IFERROR(_xlfn.XLOOKUP($A15,Disney!A:A,Disney!B:B),"N/A") -> N/A | Q15: =IF(OR(P15="N/A",$B15="N/A"),"N/A",P15*$B15) -> N/A | R15: =IF(OR(Q15="N/A",Q14="N/A"),"N/A",Q15/Q14-1) -> N/A | S15: =_xlfn.XLOOKUP(A15,FedEx!A:A,FedEx!B:B,"N/A") -> N/A | T15: =IF(OR(S15="N/A",$B15="N/A"),"N/A",S15*$B15) -> N/A | U15: =IF(OR(T15="N/A",T14="N/A"),"N/A",T15/T14-1) -> N/A | V15: =_xlfn.XLOOKUP($A15,'General Motors'!A:A,'General Motors'!B:B,"N/A") -> N/A | W15: =IF(OR(V15="N/A",$B15="N/A"),"N/A",V15*$B15) -> N/A | X15: =IF(OR(W15="N/A",W14="N/A"),"N/A",W15/W14-1) -> N/A | Y15: =_xlfn.XLOOKUP($A15,Chevron!A:A,Chevron!B:B,"N/A") -> N/A | Z15: =IF(OR(Y15="N/A",$B15="N/A"),"N/A",Y15*$B15) -> N/A | AA15: =IF(OR(Z15="N/A",Z14="N/A"),"N/A",Z15/Z14-1) -> N/A | AB15: =_xlfn.XLOOKUP($A15,Boeing!A:A,Boeing!B:B,"N/A") -> N/A | AC15: =IF(OR(AB15="N/A",$B15="N/A"),"N/A",AB15*$B15) -> N/A | AD15: =IF(OR(AC15="N/A",AC14="N/A"),"N/A",AC15/AC14-1) -> N/A | AE15: =_xlfn.XLOOKUP(A15,Amazon!A:A,Amazon!B:B,"N/A") -> N/A | AF15: =IF(OR(AE15="N/A",$B15="N/A"),"N/A",AE15*$B15) -> N/A | AG15: =IF(OR(AF15="N/A",AF14="N/A"),"N/A",AF15/AF14-1) -> N/A | AH15: N/A | AI15: N/A | AJ15: N/A
A16: 45214 | B16: =_xlfn.XLOOKUP(A16,'USD RUB'!B:B,'USD RUB'!C:C,"N/A") -> N/A | C16: =IFERROR(EXP(_xlfn.XLOOKUP(A16,'Bonds (CP)'!$A$4:$A$513,'Work Sheet'!$B$3:$B$512)/252)-1,"N/A") -> N/A | D16: =IFERROR(_xlfn.XLOOKUP($A16,Intel!$A$2:$A$502,Intel!$B$2:$B$502),"N/A") -> N/A | E16: =IF(OR(D16="N/A", $B16="N/A"),"N/A",D16*$B16) -> N/A | F16: =IF(E15="N/A", "N/A", IF(OR(E16="N/A",E15="N/A"),"N/A",E16/E15-1)) -> N/A | G16: =IFERROR(_xlfn.XLOOKUP(A16,Apple!A:A,Apple!B:B),"N/A") -> N/A | H16: =IF(OR(G16="N/A", B16="N/A"),"N/A",G16*$B16) -> N/A | I16: =IF(OR(H16="N/A",H15="N/A"), "N/A", H16/H15-1) -> N/A | J16: =IFERROR(_xlfn.XLOOKUP(A16,Microsoft!A:A,Microsoft!B:B),"N/A") -> N/A | K16: =IF(OR(J16="N/A",B16="N/A"),"N/A",J16*B16) -> N/A | L16: =IF(OR(K16="N/A",K15="N/A"), "N/A", K16/K15-1) -> N/A | M16: =IFERROR(_xlfn.XLOOKUP($A16,Cisco!A:A,Cisco!B:B),"N/A") -> N/A | N16: =IF(OR(M16="N/A",$B16="N/A"),"N/A",M16*$B16) -> N/A | O16: =IF(OR(N16="N/A",N15="N/A"),"N/A",N16/N15-1) -> N/A | P16: =IFERROR(_xlfn.XLOOKUP($A16,Disney!A:A,Disney!B:B),"N/A") -> N/A | Q16: =IF(OR(P16="N/A",$B16="N/A"),"N/A",P16*$B16) -> N/A | R16: =IF(OR(Q16="N/A",Q15="N/A"),"N/A",Q16/Q15-1) -> N/A | S16: =_xlfn.XLOOKUP(A16,FedEx!A:A,FedEx!B:B,"N/A") -> N/A | T16: =IF(OR(S16="N/A",$B16="N/A"),"N/A",S16*$B16) -> N/A | U16: =IF(OR(T16="N/A",T15="N/A"),"N/A",T16/T15-1) -> N/A | V16: =_xlfn.XLOOKUP($A16,'General Motors'!A:A,'General Motors'!B:B,"N/A") -> N/A | W16: =IF(OR(V16="N/A",$B16="N/A"),"N/A",V16*$B16) -> N/A | X16: =IF(OR(W16="N/A",W15="N/A"),"N/A",W16/W15-1) -> N/A | Y16: =_xlfn.XLOOKUP($A16,Chevron!A:A,Chevron!B:B,"N/A") -> N/A | Z16: =IF(OR(Y16="N/A",$B16="N/A"),"N/A",Y16*$B16) -> N/A | AA16: =IF(OR(Z16="N/A",Z15="N/A"),"N/A",Z16/Z15-1) -> N/A | AB16: =_xlfn.XLOOKUP($A16,Boeing!A:A,Boeing!B:B,"N/A") -> N/A | AC16: =IF(OR(AB16="N/A",$B16="N/A"),"N/A",AB16*$B16) -> N/A | AD16: =IF(OR(AC16="N/A",AC15="N/A"),"N/A",AC16/AC15-1) -> N/A | AE16: =_xlfn.XLOOKUP(A16,Amazon!A:A,Amazon!B:B,"N/A") -> N/A | AF16: =IF(OR(AE16="N/A",$B16="N/A"),"N/A",AE16*$B16) -> N/A | AG16: =IF(OR(AF16="N/A",AF15="N/A"),"N/A",AF16/AF15-1) -> N/A | AH16: N/A | AI16: N/A | AJ16: N/A
A17: 45215 | B17: =_xlfn.XLOOKUP(A17,'USD RUB'!B:B,'USD RUB'!C:C,"N/A") -> N/A | C17: =IFERROR(EXP(_xlfn.XLOOKUP(A17,'Bonds (CP)'!$A$4:$A$513,'Work Sheet'!$B$3:$B$512)/252)-1,"N/A") -> 0.48698296 | D17: =IFERROR(_xlfn.XLOOKUP($A17,Intel!$A$2:$A$502,Intel!$B$2:$B$502),"N/A") -> 36.56 | E17: =IF(OR(D17="N/A", $B17="N/A"),"N/A",D17*$B17) -> N/A | F17: =IF(E16="N/A", "N/A", IF(OR(E17="N/A",E16="N/A"),"N/A",E17/E16-1)) -> N/A | G17: =IFERROR(_xlfn.XLOOKUP(A17,Apple!A:A,Apple!B:B),"N/A") -> 178.72 | H17: =IF(OR(G17="N/A", B17="N/A"),"N/A",G17*$B17) -> N/A | I17: =IF(OR(H17="N/A",H16="N/A"), "N/A", H17/H16-1) -> N/A | J17: =IFERROR(_xlfn.XLOOKUP(A17,Microsoft!A:A,Microsoft!B:B),"N/A") -> 332.64 | K17: =IF(OR(J17="N/A",B17="N/A"),"N/A",J17*B17) -> N/A | L17: =IF(OR(K17="N/A",K16="N/A"), "N/A", K17/K16-1) -> N/A | M17: =IFERROR(_xlfn.XLOOKUP($A17,Cisco!A:A,Cisco!B:B),"N/A") -> 54.16 | N17: =IF(OR(M17="N/A",$B17="N/A"),"N/A",M17*$B17) -> N/A | O17: =IF(OR(N17="N/A",N16="N/A"),"N/A",N17/N16-1) -> N/A | P17: =IFERROR(_xlfn.XLOOKUP($A17,Disney!A:A,Disney!B:B),"N/A") -> 85.71 | Q17: =IF(OR(P17="N/A",$B17="N/A"),"N/A",P17*$B17) -> N/A | R17: =IF(OR(Q17="N/A",Q16="N/A"),"N/A",Q17/Q16-1) -> N/A | S17: =_xlfn.XLOOKUP(A17,FedEx!A:A,FedEx!B:B,"N/A") -> 247.56 | T17: =IF(OR(S17="N/A",$B17="N/A"),"N/A",S17*$B17) -> N/A | U17: =IF(OR(T17="N/A",T16="N/A"),"N/A",T17/T16-1) -> N/A | V17: =_xlfn.XLOOKUP($A17,'General Motors'!A:A,'General Motors'!B:B,"N/A") -> 30.06 | W17: =IF(OR(V17="N/A",$B17="N/A"),"N/A",V17*$B17) -> N/A | X17: =IF(OR(W17="N/A",W16="N/A"),"N/A",W17/W16-1) -> N/A | Y17: =_xlfn.XLOOKUP($A17,Chevron!A:A,Chevron!B:B,"N/A") -> 165.4 | Z17: =IF(OR(Y17="N/A",$B17="N/A"),"N/A",Y17*$B17) -> N/A | AA17: =IF(OR(Z17="N/A",Z16="N/A"),"N/A",Z17/Z16-1) -> N/A | AB17: =_xlfn.XLOOKUP($A17,Boeing!A:A,Boeing!B:B,"N/A") -> 184.93 | AC17: =IF(OR(AB17="N/A",$B17="N/A"),"N/A",AB17*$B17) -> N/A | AD17: =IF(OR(AC17="N/A",AC16="N/A"),"N/A",AC17/AC16-1) -> N/A | AE17: =_xlfn.XLOOKUP(A17,Amazon!A:A,Amazon!B:B,"N/A") -> 132.55 | AF17: =IF(OR(AE17="N/A",$B17="N/A"),"N/A",AE17*$B17) -> N/A | AG17: =IF(OR(AF17="N/A",AF16="N/A"),"N/A",AF17/AF16-1) -> N/A | AH17: 4373.63 | AI17: N/A | AJ17: N/A
A18: 45216 | B18: =_xlfn.XLOOKUP(A18,'USD RUB'!B:B,'USD RUB'!C:C,"N/A") -> 97.2865 | C18: =IFERROR(EXP(_xlfn.XLOOKUP(A18,'Bonds (CP)'!$A$4:$A$513,'Work Sheet'!$B$3:$B$512)/252)-1,"N/A") -> 0.46946737 | D18: =IFERROR(_xlfn.XLOOKUP($A18,Intel!$A$2:$A$502,Intel!$B$2:$B$502),"N/A") -> 36.06 | E18: =IF(OR(D18="N/A", $B18="N/A"),"N/A",D18*$B18) -> 3508.1512 | F18: =IF(E17="N/A", "N/A", IF(OR(E18="N/A",E17="N/A"),"N/A",E18/E17-1)) -> N/A | G18: =IFERROR(_xlfn.XLOOKUP(A18,Apple!A:A,Apple!B:B),"N/A") -> 177.15 | H18: =IF(OR(G18="N/A", B18="N/A"),"N/A",G18*$B18) -> 17234.303 | I18: =IF(OR(H18="N/A",H17="N/A"), "N/A", H18/H17-1) -> N/A | J18: =IFERROR(_xlfn.XLOOKUP(A18,Microsoft!A:A,Microsoft!B:B),"N/A") -> 332.06 | K18: =IF(OR(J18="N/A",B18="N/A"),"N/A",J18*B18) -> 32304.955 | L18: =IF(OR(K18="N/A",K17="N/A"), "N/A", K18/K17-1) -> N/A | M18: =IFERROR(_xlfn.XLOOKUP($A18,Cisco!A:A,Cisco!B:B),"N/A") -> 53.94 | N18: =IF(OR(M18="N/A",$B18="N/A"),"N/A",M18*$B18) -> 5247.6338 | O18: =IF(OR(N18="N/A",N17="N/A"),"N/A",N18/N17-1) -> N/A | P18: =IFERROR(_xlfn.XLOOKUP($A18,Disney!A:A,Disney!B:B),"N/A") -> 86.2 | Q18: =IF(OR(P18="N/A",$B18="N/A"),"N/A",P18*$B18) -> 8386.0963 | R18: =IF(OR(Q18="N/A",Q17="N/A"),"N/A",Q18/Q17-1) -> N/A | S18: =_xlfn.XLOOKUP(A18,FedEx!A:A,FedEx!B:B,"N/A") -> 248.03 | T18: =IF(OR(S18="N/A",$B18="N/A"),"N/A",S18*$B18) -> 24129.971 | U18: =IF(OR(T18="N/A",T17="N/A"),"N/A",T18/T17-1) -> N/A | V18: =_xlfn.XLOOKUP($A18,'General Motors'!A:A,'General Motors'!B:B,"N/A") -> 30.33 | W18: =IF(OR(V18="N/A",$B18="N/A"),"N/A",V18*$B18) -> 2950.6995 | X18: =IF(OR(W18="N/A",W17="N/A"),"N/A",W18/W17-1) -> N/A | Y18: =_xlfn.XLOOKUP($A18,Chevron!A:A,Chevron!B:B,"N/A") -> 167.59 | Z18: =IF(OR(Y18="N/A",$B18="N/A"),"N/A",Y18*$B18) -> 16304.245 | AA18: =IF(OR(Z18="N/A",Z17="N/A"),"N/A",Z18/Z17-1) -> N/A | AB18: =_xlfn.XLOOKUP($A18,Boeing!A:A,Boeing!B:B,"N/A") -> 185.6 | AC18: =IF(OR(AB18="N/A",$B18="N/A"),"N/A",AB18*$B18) -> 18056.374 | AD18: =IF(OR(AC18="N/A",AC17="N/A"),"N/A",AC18/AC17-1) -> N/A | AE18: =_xlfn.XLOOKUP(A18,Amazon!A:A,Amazon!B:B,"N/A") -> 131.47 | AF18: =IF(OR(AE18="N/A",$B18="N/A"),"N/A",AE18*$B18) -> 12790.256 | AG18: =IF(OR(AF18="N/A",AF17="N/A"),"N/A",AF18/AF17-1) -> N/A | AH18: 903278 | AI18: 425453.32 | AJ18: N/A
A19: 45217 | B19: =_xlfn.XLOOKUP(A19,'USD RUB'!B:B,'USD RUB'!C:C,"N/A") -> 97.3458 | C19: =IFERROR(EXP(_xlfn.XLOOKUP(A19,'Bonds (CP)'!$A$4:$A$513,'Work Sheet'!$B$3:$B$512)/252)-1,"N/A") -> 0.47129192 | D19: =IFERROR(_xlfn.XLOOKUP($A19,Intel!$A$2:$A$502,Intel!$B$2:$B$502),"N/A") -> 35.64 | E19: =IF(OR(D19="N/A", $B19="N/A"),"N/A",D19*$B19) -> 3469.4043 | F19: =IF(E18="N/A", "N/A", IF(OR(E19="N/A",E18="N/A"),"N/A",E19/E18-1)) -> -0.011044814 | G19: =IFERROR(_xlfn.XLOOKUP(A19,Apple!A:A,Apple!B:B),"N/A") -> 175.84 | H19: =IF(OR(G19="N/A", B19="N/A"),"N/A",G19*$B19) -> 17117.285 | I19: =IF(OR(H19="N/A",H18="N/A"), "N/A", H19/H18-1) -> -0.0067898307 | J19: =IFERROR(_xlfn.XLOOKUP(A19,Microsoft!A:A,Microsoft!B:B),"N/A") -> 330.11 | K19: =IF(OR(J19="N/A",B19="N/A"),"N/A",J19*B19) -> 32134.822 | L19: =IF(OR(K19="N/A",K18="N/A"), "N/A", K19/K18-1) -> -0.0052664723 | M19: =IFERROR(_xlfn.XLOOKUP($A19,Cisco!A:A,Cisco!B:B),"N/A") -> 53.77 | N19: =IF(OR(M19="N/A",$B19="N/A"),"N/A",M19*$B19) -> 5234.2837 | O19: =IF(OR(N19="N/A",N18="N/A"),"N/A",N19/N18-1) -> -0.0025440312 | P19: =IFERROR(_xlfn.XLOOKUP($A19,Disney!A:A,Disney!B:B),"N/A") -> 84.68 | Q19: =IF(OR(P19="N/A",$B19="N/A"),"N/A",P19*$B19) -> 8243.2423 | R19: =IF(OR(Q19="N/A",Q18="N/A"),"N/A",Q19/Q18-1) -> -0.017034619 | S19: =_xlfn.XLOOKUP(A19,FedEx!A:A,FedEx!B:B,"N/A") -> 243.61 | T19: =IF(OR(S19="N/A",$B19="N/A"),"N/A",S19*$B19) -> 23714.41 | U19: =IF(OR(T19="N/A",T18="N/A"),"N/A",T19/T18-1) -> -0.017221747 | V19: =_xlfn.XLOOKUP($A19,'General Motors'!A:A,'General Motors'!B:B,"N/A") -> 29.48 | W19: =IF(OR(V19="N/A",$B19="N/A"),"N/A",V19*$B19) -> 2869.7542 | X19: =IF(OR(W19="N/A",W18="N/A"),"N/A",W19/W18-1) -> -0.0274326 | Y19: =_xlfn.XLOOKUP($A19,Chevron!A:A,Chevron!B:B,"N/A") -> 168.92 | Z19: =IF(OR(Y19="N/A",$B19="N/A"),"N/A",Y19*$B19) -> 16443.653 | AA19: =IF(OR(Z19="N/A",Z18="N/A"),"N/A",Z19/Z18-1) -> 0.0085504116 | AB19: =_xlfn.XLOOKUP($A19,Boeing!A:A,Boeing!B:B,"N/A") -> 185.69 | AC19: =IF(OR(AB19="N/A",$B19="N/A"),"N/A",AB19*$B19) -> 18076.142 | AD19: =IF(OR(AC19="N/A",AC18="N/A"),"N/A",AC19/AC18-1) -> 0.0010947492 | AE19: =_xlfn.XLOOKUP(A19,Amazon!A:A,Amazon!B:B,"N/A") -> 128.13 | AF19: =IF(OR(AE19="N/A",$B19="N/A"),"N/A",AE19*$B19) -> 12472.917 | AG19: =IF(OR(AF19="N/A",AF18="N/A"),"N/A",AF19/AF18-1) -> -0.024810981 | AH19: 881848 | AI19: 420008.19 | AJ19: -0.0127984
A20: 45218 | B20: =_xlfn.XLOOKUP(A20,'USD RUB'!B:B,'USD RUB'!C:C,"N/A") -> 97.3724 | C20: =IFERROR(EXP(_xlfn.XLOOKUP(A20,'Bonds (CP)'!$A$4:$A$513,'Work Sheet'!$B$3:$B$512)/252)-1,"N/A") -> N/A | D20: =IFERROR(_xlfn.XLOOKUP($A20,Intel!$A$2:$A$502,Intel!$B$2:$B$502),"N/A") -> 35.67 | E20: =IF(OR(D20="N/A", $B20="N/A"),"N/A",D20*$B20) -> 3473.2735 | F20: =IF(E19="N/A", "N/A", IF(OR(E20="N/A",E19="N/A"),"N/A",E20/E19-1)) -> 0.0011152335 | G20: =IFERROR(_xlfn.XLOOKUP(A20,Apple!A:A,Apple!B:B),"N/A") -> 175.46 | H20: =IF(OR(G20="N/A", B20="N/A"),"N/A",G20*$B20) -> 17084.961 | I20: =IF(OR(H20="N/A",H19="N/A"), "N/A", H20/H19-1) -> -0.0018883933 | J20: =IFERROR(_xlfn.XLOOKUP(A20,Microsoft!A:A,Microsoft!B:B),"N/A") -> 331.32 | K20: =IF(OR(J20="N/A",B20="N/A"),"N/A",J20*B20) -> 32261.424 | L20: =IF(OR(K20="N/A",K19="N/A"), "N/A", K20/K19-1) -> 0.0039396991 | M20: =IFERROR(_xlfn.XLOOKUP($A20,Cisco!A:A,Cisco!B:B),"N/A") -> 53.32 | N20: =IF(OR(M20="N/A",$B20="N/A"),"N/A",M20*$B20) -> 5191.8964 | O20: =IF(OR(N20="N/A",N19="N/A"),"N/A",N20/N19-1) -> -0.0080980132 | P20: =IFERROR(_xlfn.XLOOKUP($A20,Disney!A:A,Disney!B:B),"N/A") -> 83.25 | Q20: =IF(OR(P20="N/A",$B20="N/A"),"N/A",P20*$B20) -> 8106.2523 | R20: =IF(OR(Q20="N/A",Q19="N/A"),"N/A",Q20/Q19-1) -> -0.016618466 | S20: =_xlfn.XLOOKUP(A20,FedEx!A:A,FedEx!B:B,"N/A") -> 243.29 | T20: =IF(OR(S20="N/A",$B20="N/A"),"N/A",S20*$B20) -> 23689.731 | U20: =IF(OR(T20="N/A",T19="N/A"),"N/A",T20/T19-1) -> -0.0010406812 | V20: =_xlfn.XLOOKUP($A20,'General Motors'!A:A,'General Motors'!B:B,"N/A") -> 29.33 | W20: =IF(OR(V20="N/A",$B20="N/A"),"N/A",V20*$B20) -> 2855.9325 | X20: =IF(OR(W20="N/A",W19="N/A"),"N/A",W20/W19-1) -> -0.0048163331 | Y20: =_xlfn.XLOOKUP($A20,Chevron!A:A,Chevron!B:B,"N/A") -> 169.1 | Z20: =IF(OR(Y20="N/A",$B20="N/A"),"N/A",Y20*$B20) -> 16465.673 | AA20: =IF(OR(Z20="N/A",Z19="N/A"),"N/A",Z20/Z19-1) -> 0.001339137 | AB20: =_xlfn.XLOOKUP($A20,Boeing!A:A,Boeing!B:B,"N/A") -> 182.79 | AC20: =IF(OR(AB20="N/A",$B20="N/A"),"N/A",AB20*$B20) -> 17798.701 | AD20: =IF(OR(AC20="N/A",AC19="N/A"),"N/A",AC20/AC19-1) -> -0.015348442 | AE20: =_xlfn.XLOOKUP(A20,Amazon!A:A,Amazon!B:B,"N/A") -> 128.4 | AF20: =IF(OR(AE20="N/A",$B20="N/A"),"N/A",AE20*$B20) -> 12502.616 | AG20: =IF(OR(AF20="N/A",AF19="N/A"),"N/A",AF20/AF19-1) -> 0.0023810633 | AH20: 4278 | AI20: 416559.13 | AJ20: -0.0082119
A21: 45219 | B21: =_xlfn.XLOOKUP(A21,'USD RUB'!B:B,'USD RUB'!C:C,"N/A") -> 97.3074 | C21: =IFERROR(EXP(_xlfn.XLOOKUP(A21,'Bonds (CP)'!$A$4:$A$513,'Work Sheet'!$B$3:$B$512)/252)-1,"N/A") -> N/A | D21: =IFERROR(_xlfn.XLOOKUP($A21,Intel!$A$2:$A$502,Intel!$B$2:$B$502),"N/A") -> 34.92 | E21: =IF(OR(D21="N/A", $B21="N/A"),"N/A",D21*$B21) -> 3397.9744 | F21: =IF(E20="N/A", "N/A", IF(OR(E21="N/A",E20="N/A"),"N/A",E21/E20-1)) -> -0.021679577 | G21: =IFERROR(_xlfn.XLOOKUP(A21,Apple!A:A,Apple!B:B),"N/A") -> 172.88 | H21: =IF(OR(G21="N/A", B21="N/A"),"N/A",G21*$B21) -> 16822.503 | I21: =IF(OR(H21="N/A",H20="N/A"), "N/A", H21/H20-1) -> -0.015361931 | J21: =IFERROR(_xlfn.XLOOKUP(A21,Microsoft!A:A,Microsoft!B:B),"N/A") -> 326.67 | K21: =IF(OR(J21="N/A",B21="N/A"),"N/A",J21*B21) -> 31787.408 | L21: =IF(OR(K21="N/A",K20="N/A"), "N/A", K21/K20-1) -> -0.014692942 | M21: =IFERROR(_xlfn.XLOOKUP($A21,Cisco!A:A,Cisco!B:B),"N/A") -> 52.93 | N21: =IF(OR(M21="N/A",$B21="N/A"),"N/A",M21*$B21) -> 5150.4807 | O21: =IF(OR(N21="N/A",N20="N/A"),"N/A",N21/N20-1) -> -0.0079769863 | P21: =IFERROR(_xlfn.XLOOKUP($A21,Disney!A:A,Disney!B:B),"N/A") -> 82.65 | Q21: =IF(OR(P21="N/A",$B21="N/A"),"N/A",P21*$B21) -> 8042.4566 | R21: =IF(OR(Q21="N/A",Q20="N/A"),"N/A",Q21/Q20-1) -> -0.0078699364 | S21: =_xlfn.XLOOKUP(A21,FedEx!A:A,FedEx!B:B,"N/A") -> 240.62 | T21: =IF(OR(S21="N/A",$B21="N/A"),"N/A",S21*$B21) -> 23414.107 | U21: =IF(OR(T21="N/A",T20="N/A"),"N/A",T21/T20-1) -> -0.011634771 | V21: =_xlfn.XLOOKUP($A21,'General Motors'!A:A,'General Motors'!B:B,"N/A") -> 29.66 | W21: =IF(OR(V21="N/A",$B21="N/A"),"N/A",V21*$B21) -> 2886.1375 | X21: =IF(OR(W21="N/A",W20="N/A"),"N/A",W21/W20-1) -> 0.010576228 | Y21: =_xlfn.XLOOKUP($A21,Chevron!A:A,Chevron!B:B,"N/A") -> 166.83 | Z21: =IF(OR(Y21="N/A",$B21="N/A"),"N/A",Y21*$B21) -> 16233.794 | AA21: =IF(OR(Z21="N/A",Z20="N/A"),"N/A",Z21/Z20-1) -> -0.014082589 | AB21: =_xlfn.XLOOKUP($A21,Boeing!A:A,Boeing!B:B,"N/A") -> 180.04 | AC21: =IF(OR(AB21="N/A",$B21="N/A"),"N/A",AB21*$B21) -> 17519.224 | AD21: =IF(OR(AC21="N/A",AC20="N/A"),"N/A",AC21/AC20-1) -> -0.015702084 | AE21: =_xlfn.XLOOKUP(A21,Amazon!A:A,Amazon!B:B,"N/A") -> 125.17 | AF21: =IF(OR(AE21="N/A",$B21="N/A"),"N/A",AE21*$B21) -> 12179.967 | AG21: =IF(OR(AF21="N/A",AF20="N/A"),"N/A",AF21/AF20-1) -> -0.025806511 | AH21: 4224.16 | AI21: 411042.03 | AJ21: -0.0132445
A22: 45220 | B22: =_xlfn.XLOOKUP(A22,'USD RUB'!B:B,'USD RUB'!C:C,"N/A") -> 95.9053 | C22: =IFERROR(EXP(_xlfn.XLOOKUP(A22,'Bonds (CP)'!$A$4:$A$513,'Work Sheet'!$B$3:$B$512)/252)-1,"N/A") -> N/A | D22: =IFERROR(_xlfn.XLOOKUP($A22,Intel!$A$2:$A$502,Intel!$B$2:$B$502),"N/A") -> N/A | E22: =IF(OR(D22="N/A", $B22="N/A"),"N/A",D22*$B22) -> N/A | F22: =IF(E21="N/A", "N/A", IF(OR(E22="N/A",E21="N/A"),"N/A",E22/E21-1)) -> N/A | G22: =IFERROR(_xlfn.XLOOKUP(A22,Apple!A:A,Apple!B:B),"N/A") -> N/A | H22: =IF(OR(G22="N/A", B22="N/A"),"N/A",G22*$B22) -> N/A | I22: =IF(OR(H22="N/A",H21="N/A"), "N/A", H22/H21-1) -> N/A | J22: =IFERROR(_xlfn.XLOOKUP(A22,Microsoft!A:A,Microsoft!B:B),"N/A") -> N/A | K22: =IF(OR(J22="N/A",B22="N/A"),"N/A",J22*B22) -> N/A | L22: =IF(OR(K22="N/A",K21="N/A"), "N/A", K22/K21-1) -> N/A | M22: =IFERROR(_xlfn.XLOOKUP($A22,Cisco!A:A,Cisco!B:B),"N/A") -> N/A | N22: =IF(OR(M22="N/A",$B22="N/A"),"N/A",M22*$B22) -> N/A | O22: =IF(OR(N22="N/A",N21="N/A"),"N/A",N22/N21-1) -> N/A | P22: =IFERROR(_xlfn.XLOOKUP($A22,Disney!A:A,Disney!B:B),"N/A") -> N/A | Q22: =IF(OR(P22="N/A",$B22="N/A"),"N/A",P22*$B22) -> N/A | R22: =IF(OR(Q22="N/A",Q21="N/A"),"N/A",Q22/Q21-1) -> N/A | S22: =_xlfn.XLOOKUP(A22,FedEx!A:A,FedEx!B:B,"N/A") -> N/A | T22: =IF(OR(S22="N/A",$B22="N/A"),"N/A",S22*$B22) -> N/A | U22: =IF(OR(T22="N/A",T21="N/A"),"N/A",T22/T21-1) -> N/A | V22: =_xlfn.XLOOKUP($A22,'General Motors'!A:A,'General Motors'!B:B,"N/A") -> N/A | W22: =IF(OR(V22="N/A",$B22="N/A"),"N/A",V22*$B22) -> N/A | X22: =IF(OR(W22="N/A",W21="N/A"),"N/A",W22/W21-1) -> N/A | Y22: =_xlfn.XLOOKUP($A22,Chevron!A:A,Chevron!B:B,"N/A") -> N/A | Z22: =IF(OR(Y22="N/A",$B22="N/A"),"N/A",Y22*$B22) -> N/A | AA22: =IF(OR(Z22="N/A",Z21="N/A"),"N/A",Z22/Z21-1) -> N/A | AB22: =_xlfn.XLOOKUP($A22,Boeing!A:A,Boeing!B:B,"N/A") -> N/A | AC22: =IF(OR(AB22="N/A",$B22="N/A"),"N/A",AB22*$B22) -> N/A | AD22: =IF(OR(AC22="N/A",AC21="N/A"),"N/A",AC22/AC21-1) -> N/A | AE22: =_xlfn.XLOOKUP(A22,Amazon!A:A,Amazon!B:B,"N/A") -> N/A | AF22: =IF(OR(AE22="N/A",$B22="N/A"),"N/A",AE22*$B22) -> N/A | AG22: =IF(OR(AF22="N/A",AF21="N/A"),"N/A",AF22/AF21-1) -> N/A | AH22: N/A | AI22: N/A | AJ22: N/A
A23: 45221 | B23: =_xlfn.XLOOKUP(A23,'USD RUB'!B:B,'USD RUB'!C:C,"N/A") -> N/A | C23: =IFERROR(EXP(_xlfn.XLOOKUP(A23,'Bonds (CP)'!$A$4:$A$513,'Work Sheet'!$B$3:$B$512)/252)-1,"N/A") -> N/A | D23: =IFERROR(_xlfn.XLOOKUP($A23,Intel!$A$2:$A$502,Intel!$B$2:$B$502),"N/A") -> N/A | E23: =IF(OR(D23="N/A", $B23="N/A"),"N/A",D23*$B23) -> N/A | F23: =IF(E22="N/A", "N/A", IF(OR(E23="N/A",E22="N/A"),"N/A",E23/E22-1)) -> N/A | G23: =IFERROR(_xlfn.XLOOKUP(A23,Apple!A:A,Apple!B:B),"N/A") -> N/A | H23: =IF(OR(G23="N/A", B23="N/A"),"N/A",G23*$B23) -> N/A | I23: =IF(OR(H23="N/A",H22="N/A"), "N/A", H23/H22-1) -> N/A | J23: =IFERROR(_xlfn.XLOOKUP(A23,Microsoft!A:A,Microsoft!B:B),"N/A") -> N/A | K23: =IF(OR(J23="N/A",B23="N/A"),"N/A",J23*B23) -> N/A | L23: =IF(OR(K23="N/A",K22="N/A"), "N/A", K23/K22-1) -> N/A | M23: =IFERROR(_xlfn.XLOOKUP($A23,Cisco!A:A,Cisco!B:B),"N/A") -> N/A | N23: =IF(OR(M23="N/A",$B23="N/A"),"N/A",M23*$B23) -> N/A | O23: =IF(OR(N23="N/A",N22="N/A"),"N/A",N23/N22-1) -> N/A | P23: =IFERROR(_xlfn.XLOOKUP($A23,Disney!A:A,Disney!B:B),"N/A") -> N/A | Q23: =IF(OR(P23="N/A",$B23="N/A"),"N/A",P23*$B23) -> N/A | R23: =IF(OR(Q23="N/A",Q22="N/A"),"N/A",Q23/Q22-1) -> N/A | S23: =_xlfn.XLOOKUP(A23,FedEx!A:A,FedEx!B:B,"N/A") -> N/A | T23: =IF(OR(S23="N/A",$B23="N/A"),"N/A",S23*$B23) -> N/A | U23: =IF(OR(T23="N/A",T22="N/A"),"N/A",T23/T22-1) -> N/A | V23: =_xlfn.XLOOKUP($A23,'General Motors'!A:A,'General Motors'!B:B,"N/A") -> N/A | W23: =IF(OR(V23="N/A",$B23="N/A"),"N/A",V23*$B23) -> N/A | X23: =IF(OR(W23="N/A",W22="N/A"),"N/A",W23/W22-1) -> N/A | Y23: =_xlfn.XLOOKUP($A23,Chevron!A:A,Chevron!B:B,"N/A") -> N/A | Z23: =IF(OR(Y23="N/A",$B23="N/A"),"N/A",Y23*$B23) -> N/A | AA23: =IF(OR(Z23="N/A",Z22="N/A"),"N/A",Z23/Z22-1) -> N/A | AB23: =_xlfn.XLOOKUP($A23,Boeing!A:A,Boeing!B:B,"N/A") -> N/A | AC23: =IF(OR(AB23="N/A",$B23="N/A"),"N/A",AB23*$B23) -> N/A | AD23: =IF(OR(AC23="N/A",AC22="N/A"),"N/A",AC23/AC22-1) -> N/A | AE23: =_xlfn.XLOOKUP(A23,Amazon!A:A,Amazon!B:B,"N/A") -> N/A | AF23: =IF(OR(AE23="N/A",$B23="N/A"),"N/A",AE23*$B23) -> N/A | AG23: =IF(OR(AF23="N/A",AF22="N/A"),"N/A",AF23/AF22-1) -> N/A | AH23: N/A | AI23: N/A | AJ23: N/A
A24: 45222 | B24: =_xlfn.XLOOKUP(A24,'USD RUB'!B:B,'USD RUB'!C:C,"N/A") -> N/A | C24: =IFERROR(EXP(_xlfn.XLOOKUP(A24,'Bonds (CP)'!$A$4:$A$513,'Work Sheet'!$B$3:$B$512)/252)-1,"N/A") -> 0.47116932 | D24: =IFERROR(_xlfn.XLOOKUP($A24,Intel!$A$2:$A$502,Intel!$B$2:$B$502),"N/A") -> 33.85 | E24: =IF(OR(D24="N/A", $B24="N/A"),"N/A",D24*$B24) -> N/A | F24: =IF(E23="N/A", "N/A", IF(OR(E24="N/A",E23="N/A"),"N/A",E24/E23-1)) -> N/A | G24: =IFERROR(_xlfn.XLOOKUP(A24,Apple!A:A,Apple!B:B),"N/A") -> 173 | H24: =IF(OR(G24="N/A", B24="N/A"),"N/A",G24*$B24) -> N/A | I24: =IF(OR(H24="N/A",H23="N/A"), "N/A", H24/H23-1) -> N/A | J24: =IFERROR(_xlfn.XLOOKUP(A24,Microsoft!A:A,Microsoft!B:B),"N/A") -> 329.32 | K24: =IF(OR(J24="N/A",B24="N/A"),"N/A",J24*B24) -> N/A | L24: =IF(OR(K24="N/A",K23="N/A"), "N/A", K24/K23-1) -> N/A | M24: =IFERROR(_xlfn.XLOOKUP($A24,Cisco!A:A,Cisco!B:B),"N/A") -> 52.2 | N24: =IF(OR(M24="N/A",$B24="N/A"),"N/A",M24*$B24) -> N/A | O24: =IF(OR(N24="N/A",N23="N/A"),"N/A",N24/N23-1) -> N/A | P24: =IFERROR(_xlfn.XLOOKUP($A24,Disney!A:A,Disney!B:B),"N/A") -> 83.1 | Q24: =IF(OR(P24="N/A",$B24="N/A"),"N/A",P24*$B24) -> N/A | R24: =IF(OR(Q24="N/A",Q23="N/A"),"N/A",Q24/Q23-1) -> N/A | S24: =_xlfn.XLOOKUP(A24,FedEx!A:A,FedEx!B:B,"N/A") -> 237.97 | T24: =IF(OR(S24="N/A",$B24="N/A"),"N/A",S24*$B24) -> N/A | U24: =IF(OR(T24="N/A",T23="N/A"),"N/A",T24/T23-1) -> N/A | V24: =_xlfn.XLOOKUP($A24,'General Motors'!A:A,'General Motors'!B:B,"N/A") -> 29.22 | W24: =IF(OR(V24="N/A",$B24="N/A"),"N/A",V24*$B24) -> N/A | X24: =IF(OR(W24="N/A",W23="N/A"),"N/A",W24/W23-1) -> N/A | Y24: =_xlfn.XLOOKUP($A24,Chevron!A:A,Chevron!B:B,"N/A") -> 160.68 | Z24: =IF(OR(Y24="N/A",$B24="N/A"),"N/A",Y24*$B24) -> N/A | AA24: =IF(OR(Z24="N/A",Z23="N/A"),"N/A",Z24/Z23-1) -> N/A | AB24: =_xlfn.XLOOKUP($A24,Boeing!A:A,Boeing!B:B,"N/A") -> 181.03 | AC24: =IF(OR(AB24="N/A",$B24="N/A"),"N/A",AB24*$B24) -> N/A | AD24: =IF(OR(AC24="N/A",AC23="N/A"),"N/A",AC24/AC23-1) -> N/A | AE24: =_xlfn.XLOOKUP(A24,Amazon!A:A,Amazon!B:B,"N/A") -> 126.56 | AF24: =IF(OR(AE24="N/A",$B24="N/A"),"N/A",AE24*$B24) -> N/A | AG24: =IF(OR(AF24="N/A",AF23="N/A"),"N/A",AF24/AF23-1) -> N/A | AH24: 846359 | AI24: N/A | AJ24: N/A
A25: 45223 | B25: =_xlfn.XLOOKUP(A25,'USD RUB'!B:B,'USD RUB'!C:C,"N/A") -> 94.7081 | C25: =IFERROR(EXP(_xlfn.XLOOKUP(A25,'Bonds (CP)'!$A$4:$A$513,'Work Sheet'!$B$3:$B$512)/252)-1,"N/A") -> 0.47151555 | D25: =IFERROR(_xlfn.XLOOKUP($A25,Intel!$A$2:$A$502,Intel!$B$2:$B$502),"N/A") -> 34.59 | E25: =IF(OR(D25="N/A", $B25="N/A"),"N/A",D25*$B25) -> 3275.9532 | F25: =IF(E24="N/A", "N/A", IF(OR(E25="N/A",E24="N/A"),"N/A",E25/E24-1)) -> N/A | G25: =IFERROR(_xlfn.XLOOKUP(A25,Apple!A:A,Apple!B:B),"N/A") -> 173.44 | H25: =IF(OR(G25="N/A", B25="N/A"),"N/A",G25*$B25) -> 16426.173 | I25: =IF(OR(H25="N/A",H24="N/A"), "N/A", H25/H24-1) -> N/A | J25: =IFERROR(_xlfn.XLOOKUP(A25,Microsoft!A:A,Microsoft!B:B),"N/A") -> 330.53 | K25: =IF(OR(J25="N/A",B25="N/A"),"N/A",J25*B25) -> 31303.868 | L25: =IF(OR(K25="N/A",K24="N/A"), "N/A", K25/K24-1) -> N/A | M25: =IFERROR(_xlfn.XLOOKUP($A25,Cisco!A:A,Cisco!B:B),"N/A") -> 53.01 | N25: =IF(OR(M25="N/A",$B25="N/A"),"N/A",M25*$B25) -> 5020.4764 | O25: =IF(OR(N25="N/A",N24="N/A"),"N/A",N25/N24-1) -> N/A | P25: =IFERROR(_xlfn.XLOOKUP($A25,Disney!A:A,Disney!B:B),"N/A") -> 82.56 | Q25: =IF(OR(P25="N/A",$B25="N/A"),"N/A",P25*$B25) -> 7819.1007 | R25: =IF(OR(Q25="N/A",Q24="N/A"),"N/A",Q25/Q24-1) -> N/A | S25: =_xlfn.XLOOKUP(A25,FedEx!A:A,FedEx!B:B,"N/A") -> 241.68 | T25: =IF(OR(S25="N/A",$B25="N/A"),"N/A",S25*$B25) -> 22889.054 | U25: =IF(OR(T25="N/A",T24="N/A"),"N/A",T25/T24-1) -> N/A | V25: =_xlfn.XLOOKUP($A25,'General Motors'!A:A,'General Motors'!B:B,"N/A") -> 28.56 | W25: =IF(OR(V25="N/A",$B25="N/A"),"N/A",V25*$B25) -> 2704.8633 | X25: =IF(OR(W25="N/A",W24="N/A"),"N/A",W25/W24-1) -> N/A | Y25: =_xlfn.XLOOKUP($A25,Chevron!A:A,Chevron!B:B,"N/A") -> 156.65 | Z25: =IF(OR(Y25="N/A",$B25="N/A"),"N/A",Y25*$B25) -> 14836.024 | AA25: =IF(OR(Z25="N/A",Z24="N/A"),"N/A",Z25/Z24-1) -> N/A | AB25: =_xlfn.XLOOKUP($A25,Boeing!A:A,Boeing!B:B,"N/A") -> 182.36 | AC25: =IF(OR(AB25="N/A",$B25="N/A"),"N/A",AB25*$B25) -> 17270.969 | AD25: =IF(OR(AC25="N/A",AC24="N/A"),"N/A",AC25/AC24-1) -> N/A | AE25: =_xlfn.XLOOKUP(A25,Amazon!A:A,Amazon!B:B,"N/A") -> 128.56 | AF25: =IF(OR(AE25="N/A",$B25="N/A"),"N/A",AE25*$B25) -> 12175.673 | AG25: =IF(OR(AF25="N/A",AF24="N/A"),"N/A",AF25/AF24-1) -> N/A | AH25: 4247.68 | AI25: 402289.7 | AJ25: N/A
A26: 45224 | B26: =_xlfn.XLOOKUP(A26,'USD RUB'!B:B,'USD RUB'!C:C,"N/A") -> 93.5224 | C26: =IFERROR(EXP(_xlfn.XLOOKUP(A26,'Bonds (CP)'!$A$4:$A$513,'Work Sheet'!$B$3:$B$512)/252)-1,"N/A") -> 0.47167089 | D26: =IFERROR(_xlfn.XLOOKUP($A26,Intel!$A$2:$A$502,Intel!$B$2:$B$502),"N/A") -> 32.83 | E26: =IF(OR(D26="N/A", $B26="N/A"),"N/A",D26*$B26) -> 3070.3404 | F26: =IF(E25="N/A", "N/A", IF(OR(E26="N/A",E25="N/A"),"N/A",E26/E25-1)) -> -0.062764263 | G26: =IFERROR(_xlfn.XLOOKUP(A26,Apple!A:A,Apple!B:B),"N/A") -> 171.1 | H26: =IF(OR(G26="N/A", B26="N/A"),"N/A",G26*$B26) -> 16001.683 | I26: =IF(OR(H26="N/A",H25="N/A"), "N/A", H26/H25-1) -> -0.025842308 | J26: =IFERROR(_xlfn.XLOOKUP(A26,Microsoft!A:A,Microsoft!B:B),"N/A") -> 340.67 | K26: =IF(OR(J26="N/A",B26="N/A"),"N/A",J26*B26) -> 31860.276 | L26: =IF(OR(K26="N/A",K25="N/A"), "N/A", K26/K25-1) -> 0.017774408 | M26: =IFERROR(_xlfn.XLOOKUP($A26,Cisco!A:A,Cisco!B:B),"N/A") -> 52.4 | N26: =IF(OR(M26="N/A",$B26="N/A"),"N/A",M26*$B26) -> 4900.5738 | O26: =IF(OR(N26="N/A",N25="N/A"),"N/A",N26/N25-1) -> -0.023882718 | P26: =IFERROR(_xlfn.XLOOKUP($A26,Disney!A:A,Disney!B:B),"N/A") -> 80.59 | Q26: =IF(OR(P26="N/A",$B26="N/A"),"N/A",P26*$B26) -> 7536.9702 | R26: =IF(OR(Q26="N/A",Q25="N/A"),"N/A",Q26/Q25-1) -> -0.036082221 | S26: =_xlfn.XLOOKUP(A26,FedEx!A:A,FedEx!B:B,"N/A") -> 235.21 | T26: =IF(OR(S26="N/A",$B26="N/A"),"N/A",S26*$B26) -> 21997.404 | U26: =IF(OR(T26="N/A",T25="N/A"),"N/A",T26/T25-1) -> -0.038955298 | V26: =_xlfn.XLOOKUP($A26,'General Motors'!A:A,'General Motors'!B:B,"N/A") -> 29.01 | W26: =IF(OR(V26="N/A",$B26="N/A"),"N/A",V26*$B26) -> 2713.0848 | X26: =IF(OR(W26="N/A",W25="N/A"),"N/A",W26/W25-1) -> 0.0030395207 | Y26: =_xlfn.XLOOKUP($A26,Chevron!A:A,Chevron!B:B,"N/A") -> 155.87 | Z26: =IF(OR(Y26="N/A",$B26="N/A"),"N/A",Y26*$B26) -> 14577.336 | AA26: =IF(OR(Z26="N/A",Z25="N/A"),"N/A",Z26/Z25-1) -> -0.017436436 | AB26: =_xlfn.XLOOKUP($A26,Boeing!A:A,Boeing!B:B,"N/A") -> 177.73 | AC26: =IF(OR(AB26="N/A",$B26="N/A"),"N/A",AB26*$B26) -> 16621.736 | AD26: =IF(OR(AC26="N/A",AC25="N/A"),"N/A",AC26/AC25-1) -> -0.037590998 | AE26: =_xlfn.XLOOKUP(A26,Amazon!A:A,Amazon!B:B,"N/A") -> 121.39 | AF26: =IF(OR(AE26="N/A",$B26="N/A"),"N/A",AE26*$B26) -> 11352.684 | AG26: =IF(OR(AF26="N/A",AF25="N/A"),"N/A",AF26/AF25-1) -> -0.067592911 | AH26: 4186.77 | AI26: 391556.78 | AJ26: -0.0266796
A27: 45225 | B27: =_xlfn.XLOOKUP(A27,'USD RUB'!B:B,'USD RUB'!C:C,"N/A") -> 93.1507 | C27: =IFERROR(EXP(_xlfn.XLOOKUP(A27,'Bonds (CP)'!$A$4:$A$513,'Work Sheet'!$B$3:$B$512)/252)-1,"N/A") -> 0.47129134 | D27: =IFERROR(_xlfn.XLOOKUP($A27,Intel!$A$2:$A$502,Intel!$B$2:$B$502),"N/A") -> 32.52 | E27: =IF(OR(D27="N/A", $B27="N/A"),"N/A",D27*$B27) -> 3029.2608 | F27: =IF(E26="N/A", "N/A", IF(OR(E27="N/A",E26="N/A"),"N/A",E27/E26-1)) -> -0.013379503 | G27: =IFERROR(_xlfn.XLOOKUP(A27,Apple!A:A,Apple!B:B),"N/A") -> 166.89 | H27: =IF(OR(G27="N/A", B27="N/A"),"N/A",G27*$B27) -> 15545.92 | I27: =IF(OR(H27="N/A",H26="N/A"), "N/A", H27/H26-1) -> -0.028482149 | J27: =IFERROR(_xlfn.XLOOKUP(A27,Microsoft!A:A,Microsoft!B:B),"N/A") -> 327.89 | K27: =IF(OR(J27="N/A",B27="N/A"),"N/A",J27*B27) -> 30543.183 | L27: =IF(OR(K27="N/A",K26="N/A"), "N/A", K27/K26-1) -> -0.04133966 | M27: =IFERROR(_xlfn.XLOOKUP($A27,Cisco!A:A,Cisco!B:B),"N/A") -> 51.37 | N27: =IF(OR(M27="N/A",$B27="N/A"),"N/A",M27*$B27) -> 4785.1515 | O27: =IF(OR(N27="N/A",N26="N/A"),"N/A",N27/N26-1) -> -0.023552814 | P27: =IFERROR(_xlfn.XLOOKUP($A27,Disney!A:A,Disney!B:B),"N/A") -> 79.78 | Q27: =IF(OR(P27="N/A",$B27="N/A"),"N/A",P27*$B27) -> 7431.5628 | R27: =IF(OR(Q27="N/A",Q26="N/A"),"N/A",Q27/Q26-1) -> -0.013985377 | S27: =_xlfn.XLOOKUP(A27,FedEx!A:A,FedEx!B:B,"N/A") -> 227.93 | T27: =IF(OR(S27="N/A",$B27="N/A"),"N/A",S27*$B27) -> 21231.839 | U27: =IF(OR(T27="N/A",T26="N/A"),"N/A",T27/T26-1) -> -0.0348025 | V27: =_xlfn.XLOOKUP($A27,'General Motors'!A:A,'General Motors'!B:B,"N/A") -> 28.55 | W27: =IF(OR(V27="N/A",$B27="N/A"),"N/A",V27*$B27) -> 2659.4525 | X27: =IF(OR(W27="N/A",W26="N/A"),"N/A",W27/W26-1) -> -0.019768029 | Y27: =_xlfn.XLOOKUP($A27,Chevron!A:A,Chevron!B:B,"N/A") -> 154.75 | Z27: =IF(OR(Y27="N/A",$B27="N/A"),"N/A",Y27*$B27) -> 14415.071 | AA27: =IF(OR(Z27="N/A",Z26="N/A"),"N/A",Z27/Z26-1) -> -0.011131366 | AB27: =_xlfn.XLOOKUP($A27,Boeing!A:A,Boeing!B:B,"N/A") -> 179.09 | AC27: =IF(OR(AB27="N/A",$B27="N/A"),"N/A",AB27*$B27) -> 16682.359 | AD27: =IF(OR(AC27="N/A",AC26="N/A"),"N/A",AC27/AC26-1) -> 0.0036471949 | AE27: =_xlfn.XLOOKUP(A27,Amazon!A:A,Amazon!B:B,"N/A") -> 119.57 | AF27: =IF(OR(AE27="N/A",$B27="N/A"),"N/A",AE27*$B27) -> 11138.029 | AG27: =IF(OR(AF27="N/A",AF26="N/A"),"N/A",AF27/AF26-1) -> -0.018907858 | AH27: 4137.23 | AI27: 385385.87 | AJ27: -0.0157599
A28: 45226 | B28: =_xlfn.XLOOKUP(A28,'USD RUB'!B:B,'USD RUB'!C:C,"N/A") -> 93.5616 | C28: =IFERROR(EXP(_xlfn.XLOOKUP(A28,'Bonds (CP)'!$A$4:$A$513,'Work Sheet'!$B$3:$B$512)/252)-1,"N/A") -> 0.46312797 | D28: =IFERROR(_xlfn.XLOOKUP($A28,Intel!$A$2:$A$502,Intel!$B$2:$B$502),"N/A") -> 35.54 | E28: =IF(OR(D28="N/A", $B28="N/A"),"N/A",D28*$B28) -> 3325.1793 | F28: =IF(E27="N/A", "N/A", IF(OR(E28="N/A",E27="N/A"),"N/A",E28/E27-1)) -> 0.097686704 | G28: =IFERROR(_xlfn.XLOOKUP(A28,Apple!A:A,Apple!B:B),"N/A") -> 168.22 | H28: =IF(OR(G28="N/A", B28="N/A"),"N/A",G28*$B28) -> 15738.932 | I28: =IF(OR(H28="N/A",H27="N/A"), "N/A", H28/H27-1) -> 0.012415606 | J28: =IFERROR(_xlfn.XLOOKUP(A28,Microsoft!A:A,Microsoft!B:B),"N/A") -> 329.81 | K28: =IF(OR(J28="N/A",B28="N/A"),"N/A",J28*B28) -> 30857.551 | L28: =IF(OR(K28="N/A",K27="N/A"), "N/A", K28/K27-1) -> 0.010292584 | M28: =IFERROR(_xlfn.XLOOKUP($A28,Cisco!A:A,Cisco!B:B),"N/A") -> 51.56 | N28: =IF(OR(M28="N/A",$B28="N/A"),"N/A",M28*$B28) -> 4824.0361 | O28: =IF(OR(N28="N/A",N27="N/A"),"N/A",N28/N27-1) -> 0.0081261037 | P28: =IFERROR(_xlfn.XLOOKUP($A28,Disney!A:A,Disney!B:B),"N/A") -> 79.33 | Q28: =IF(OR(P28="N/A",$B28="N/A"),"N/A",P28*$B28) -> 7422.2417 | R28: =IF(OR(Q28="N/A",Q27="N/A"),"N/A",Q28/Q27-1) -> -0.0012542608 | S28: =_xlfn.XLOOKUP(A28,FedEx!A:A,FedEx!B:B,"N/A") -> 228.84 | T28: =IF(OR(S28="N/A",$B28="N/A"),"N/A",S28*$B28) -> 21410.637 | U28: =IF(OR(T28="N/A",T27="N/A"),"N/A",T28/T27-1) -> 0.0084211967 | V28: =_xlfn.XLOOKUP($A28,'General Motors'!A:A,'General Motors'!B:B,"N/A") -> 27.22 | W28: =IF(OR(V28="N/A",$B28="N/A"),"N/A",V28*$B28) -> 2546.7468 | X28: =IF(OR(W28="N/A",W27="N/A"),"N/A",W28/W27-1) -> -0.042379299 | Y28: =_xlfn.XLOOKUP($A28,Chevron!A:A,Chevron!B:B,"N/A") -> 144.35 | Z28: =IF(OR(Y28="N/A",$B28="N/A"),"N/A",Y28*$B28) -> 13505.617 | AA28: =IF(OR(Z28="N/A",Z27="N/A"),"N/A",Z28/Z27-1) -> -0.063090489 | AB28: =_xlfn.XLOOKUP($A28,Boeing!A:A,Boeing!B:B,"N/A") -> 179.69 | AC28: =IF(OR(AB28="N/A",$B28="N/A"),"N/A",AB28*$B28) -> 16812.084 | AD28: =IF(OR(AC28="N/A",AC27="N/A"),"N/A",AC28/AC27-1) -> 0.0077761809 | AE28: =_xlfn.XLOOKUP(A28,Amazon!A:A,Amazon!B:B,"N/A") -> 127.74 | AF28: =IF(OR(AE28="N/A",$B28="N/A"),"N/A",AE28*$B28) -> 11951.559 | AG28: =IF(OR(AF28="N/A",AF27="N/A"),"N/A",AF28/AF27-1) -> 0.073040712 | AH28: 4117.37 | AI28: 385227.72 | AJ28: -0.0004104
A29: 45227 | B29: =_xlfn.XLOOKUP(A29,'USD RUB'!B:B,'USD RUB'!C:C,"N/A") -> 93.2174 | C29: =IFERROR(EXP(_xlfn.XLOOKUP(A29,'Bonds (CP)'!$A$4:$A$513,'Work Sheet'!$B$3:$B$512)/252)-1,"N/A") -> N/A | D29: =IFERROR(_xlfn.XLOOKUP($A29,Intel!$A$2:$A$502,Intel!$B$2:$B$502),"N/A") -> N/A | E29: =IF(OR(D29="N/A", $B29="N/A"),"N/A",D29*$B29) -> N/A | F29: =IF(E28="N/A", "N/A", IF(OR(E29="N/A",E28="N/A"),"N/A",E29/E28-1)) -> N/A | G29: =IFERROR(_xlfn.XLOOKUP(A29,Apple!A:A,Apple!B:B),"N/A") -> N/A | H29: =IF(OR(G29="N/A", B29="N/A"),"N/A",G29*$B29) -> N/A | I29: =IF(OR(H29="N/A",H28="N/A"), "N/A", H29/H28-1) -> N/A | J29: =IFERROR(_xlfn.XLOOKUP(A29,Microsoft!A:A,Microsoft!B:B),"N/A") -> N/A | K29: =IF(OR(J29="N/A",B29="N/A"),"N/A",J29*B29) -> N/A | L29: =IF(OR(K29="N/A",K28="N/A"), "N/A", K29/K28-1) -> N/A | M29: =IFERROR(_xlfn.XLOOKUP($A29,Cisco!A:A,Cisco!B:B),"N/A") -> N/A | N29: =IF(OR(M29="N/A",$B29="N/A"),"N/A",M29*$B29) -> N/A | O29: =IF(OR(N29="N/A",N28="N/A"),"N/A",N29/N28-1) -> N/A | P29: =IFERROR(_xlfn.XLOOKUP($A29,Disney!A:A,Disney!B:B),"N/A") -> N/A | Q29: =IF(OR(P29="N/A",$B29="N/A"),"N/A",P29*$B29) -> N/A | R29: =IF(OR(Q29="N/A",Q28="N/A"),"N/A",Q29/Q28-1) -> N/A | S29: =_xlfn.XLOOKUP(A29,FedEx!A:A,FedEx!B:B,"N/A") -> N/A | T29: =IF(OR(S29="N/A",$B29="N/A"),"N/A",S29*$B29) -> N/A | U29: =IF(OR(T29="N/A",T28="N/A"),"N/A",T29/T28-1) -> N/A | V29: =_xlfn.XLOOKUP($A29,'General Motors'!A:A,'General Motors'!B:B,"N/A") -> N/A | W29: =IF(OR(V29="N/A",$B29="N/A"),"N/A",V29*$B29) -> N/A | X29: =IF(OR(W29="N/A",W28="N/A"),"N/A",W29/W28-1) -> N/A | Y29: =_xlfn.XLOOKUP($A29,Chevron!A:A,Chevron!B:B,"N/A") -> N/A | Z29: =IF(OR(Y29="N/A",$B29="N/A"),"N/A",Y29*$B29) -> N/A | AA29: =IF(OR(Z29="N/A",Z28="N/A"),"N/A",Z29/Z28-1) -> N/A | AB29: =_xlfn.XLOOKUP($A29,Boeing!A:A,Boeing!B:B,"N/A") -> N/A | AC29: =IF(OR(AB29="N/A",$B29="N/A"),"N/A",AB29*$B29) -> N/A | AD29: =IF(OR(AC29="N/A",AC28="N/A"),"N/A",AC29/AC28-1) -> N/A | AE29: =_xlfn.XLOOKUP(A29,Amazon!A:A,Amazon!B:B,"N/A") -> N/A | AF29: =IF(OR(AE29="N/A",$B29="N/A"),"N/A",AE29*$B29) -> N/A | AG29: =IF(OR(AF29="N/A",AF28="N/A"),"N/A",AF29/AF28-1) -> N/A | AH29: N/A | AI29: N/A | AJ29: N/A
A30: 45228 | B30: =_xlfn.XLOOKUP(A30,'USD RUB'!B:B,'USD RUB'!C:C,"N/A") -> N/A | C30: =IFERROR(EXP(_xlfn.XLOOKUP(A30,'Bonds (CP)'!$A$4:$A$513,'Work Sheet'!$B$3:$B$512)/252)-1,"N/A") -> N/A | D30: =IFERROR(_xlfn.XLOOKUP($A30,Intel!$A$2:$A$502,Intel!$B$2:$B$502),"N/A") -> N/A | E30: =IF(OR(D30="N/A", $B30="N/A"),"N/A",D30*$B30) -> N/A | F30: =IF(E29="N/A", "N/A", IF(OR(E30="N/A",E29="N/A"),"N/A",E30/E29-1)) -> N/A | G30: =IFERROR(_xlfn.XLOOKUP(A30,Apple!A:A,Apple!B:B),"N/A") -> N/A | H30: =IF(OR(G30="N/A", B30="N/A"),"N/A",G30*$B30) -> N/A | I30: =IF(OR(H30="N/A",H29="N/A"), "N/A", H30/H29-1) -> N/A | J30: =IFERROR(_xlfn.XLOOKUP(A30,Microsoft!A:A,Microsoft!B:B),"N/A") -> N/A | K30: =IF(OR(J30="N/A",B30="N/A"),"N/A",J30*B30) -> N/A | L30: =IF(OR(K30="N/A",K29="N/A"), "N/A", K30/K29-1) -> N/A | M30: =IFERROR(_xlfn.XLOOKUP($A30,Cisco!A:A,Cisco!B:B),"N/A") -> N/A | N30: =IF(OR(M30="N/A",$B30="N/A"),"N/A",M30*$B30) -> N/A | O30: =IF(OR(N30="N/A",N29="N/A"),"N/A",N30/N29-1) -> N/A | P30: =IFERROR(_xlfn.XLOOKUP($A30,Disney!A:A,Disney!B:B),"N/A") -> N/A | Q30: =IF(OR(P30="N/A",$B30="N/A"),"N/A",P30*$B30) -> N/A | R30: =IF(OR(Q30="N/A",Q29="N/A"),"N/A",Q30/Q29-1) -> N/A | S30: =_xlfn.XLOOKUP(A30,FedEx!A:A,FedEx!B:B,"N/A") -> N/A | T30: =IF(OR(S30="N/A",$B30="N/A"),"N/A",S30*$B30) -> N/A | U30: =IF(OR(T30="N/A",T29="N/A"),"N/A",T30/T29-1) -> N/A | V30: =_xlfn.XLOOKUP($A30,'General Motors'!A:A,'General Motors'!B:B,"N/A") -> N/A | W30: =IF(OR(V30="N/A",$B30="N/A"),"N/A",V30*$B30) -> N/A | X30: =IF(OR(W30="N/A",W29="N/A"),"N/A",W30/W29-1) -> N/A | Y30: =_xlfn.XLOOKUP($A30,Chevron!A:A,Chevron!B:B,"N/A") -> N/A | Z30: =IF(OR(Y30="N/A",$B30="N/A"),"N/A",Y30*$B30) -> N/A | AA30: =IF(OR(Z30="N/A",Z29="N/A"),"N/A",Z30/Z29-1) -> N/A | AB30: =_xlfn.XLOOKUP($A30,Boeing!A:A,Boeing!B:B,"N/A") -> N/A | AC30: =IF(OR(AB30="N/A",$B30="N/A"),"N/A",AB30*$B30) -> N/A | AD30: =IF(OR(AC30="N/A",AC29="N/A"),"N/A",AC30/AC29-1) -> N/A | AE30: =_xlfn.XLOOKUP(A30,Amazon!A:A,Amazon!B:B,"N/A") -> N/A | AF30: =IF(OR(AE30="N/A",$B30="N/A"),"N/A",AE30*$B30) -> N/A | AG30: =IF(OR(AF30="N/A",AF29="N/A"),"N/A",AF30/AF29-1) -> N/A | AH30: N/A | AI30: N/A | AJ30: N/A
A31: 45229 | B31: =_xlfn.XLOOKUP(A31,'USD RUB'!B:B,'USD RUB'!C:C,"N/A") -> N/A | C31: =IFERROR(EXP(_xlfn.XLOOKUP(A31,'Bonds (CP)'!$A$4:$A$513,'Work Sheet'!$B$3:$B$512)/252)-1,"N/A") -> N/A | D31: =IFERROR(_xlfn.XLOOKUP($A31,Intel!$A$2:$A$502,Intel!$B$2:$B$502),"N/A") -> 35.69 | E31: =IF(OR(D31="N/A", $B31="N/A"),"N/A",D31*$B31) -> N/A | F31: =IF(E30="N/A", "N/A", IF(OR(E31="N/A",E30="N/A"),"N/A",E31/E30-1)) -> N/A | G31: =IFERROR(_xlfn.XLOOKUP(A31,Apple!A:A,Apple!B:B),"N/A") -> 170.29 | H31: =IF(OR(G31="N/A", B31="N/A"),"N/A",G31*$B31) -> N/A | I31: =IF(OR(H31="N/A",H30="N/A"), "N/A", H31/H30-1) -> N/A | J31: =IFERROR(_xlfn.XLOOKUP(A31,Microsoft!A:A,Microsoft!B:B),"N/A") -> 337.31 | K31: =IF(OR(J31="N/A",B31="N/A"),"N/A",J31*B31) -> N/A | L31: =IF(OR(K31="N/A",K30="N/A"), "N/A", K31/K30-1) -> N/A | M31: =IFERROR(_xlfn.XLOOKUP($A31,Cisco!A:A,Cisco!B:B),"N/A") -> 51.57 | N31: =IF(OR(M31="N/A",$B31="N/A"),"N/A",M31*$B31) -> N/A | O31: =IF(OR(N31="N/A",N30="N/A"),"N/A",N31/N30-1) -> N/A | P31: =IFERROR(_xlfn.XLOOKUP($A31,Disney!A:A,Disney!B:B),"N/A") -> 80.68 | Q31: =IF(OR(P31="N/A",$B31="N/A"),"N/A",P31*$B31) -> N/A | R31: =IF(OR(Q31="N/A",Q30="N/A"),"N/A",Q31/Q30-1) -> N/A | S31: =_xlfn.XLOOKUP(A31,FedEx!A:A,FedEx!B:B,"N/A") -> 236.82 | T31: =IF(OR(S31="N/A",$B31="N/A"),"N/A",S31*$B31) -> N/A | U31: =IF(OR(T31="N/A",T30="N/A"),"N/A",T31/T30-1) -> N/A | V31: =_xlfn.XLOOKUP($A31,'General Motors'!A:A,'General Motors'!B:B,"N/A") -> 27.36 | W31: =IF(OR(V31="N/A",$B31="N/A"),"N/A",V31*$B31) -> N/A | X31: =IF(OR(W31="N/A",W30="N/A"),"N/A",W31/W30-1) -> N/A | Y31: =_xlfn.XLOOKUP($A31,Chevron!A:A,Chevron!B:B,"N/A") -> 146.09 | Z31: =IF(OR(Y31="N/A",$B31="N/A"),"N/A",Y31*$B31) -> N/A | AA31: =IF(OR(Z31="N/A",Z30="N/A"),"N/A",Z31/Z30-1) -> N/A | AB31: =_xlfn.XLOOKUP($A31,Boeing!A:A,Boeing!B:B,"N/A") -> 182.35 | AC31: =IF(OR(AB31="N/A",$B31="N/A"),"N/A",AB31*$B31) -> N/A | AD31: =IF(OR(AC31="N/A",AC30="N/A"),"N/A",AC31/AC30-1) -> N/A | AE31: =_xlfn.XLOOKUP(A31,Amazon!A:A,Amazon!B:B,"N/A") -> 132.71 | AF31: =IF(OR(AE31="N/A",$B31="N/A"),"N/A",AE31*$B31) -> N/A | AG31: =IF(OR(AF31="N/A",AF30="N/A"),"N/A",AF31/AF30-1) -> N/A | AH31: 4166.82 | AI31: N/A | AJ31: N/A
A32: 45230 | B32: =_xlfn.XLOOKUP(A32,'USD RUB'!B:B,'USD RUB'!C:C,"N/A") -> 93.2435 | C32: =IFERROR(EXP(_xlfn.XLOOKUP(A32,'Bonds (CP)'!$A$4:$A$513,'Work Sheet'!$B$3:$B$512)/252)-1,"N/A") -> N/A | D32: =IFERROR(_xlfn.XLOOKUP($A32,Intel!$A$2:$A$502,Intel!$B$2:$B$502),"N/A") -> 36.5 | E32: =IF(OR(D32="N/A", $B32="N/A"),"N/A",D32*$B32) -> 3403.3877 | F32: =IF(E31="N/A", "N/A", IF(OR(E32="N/A",E31="N/A"),"N/A",E32/E31-1)) -> N/A | G32: =IFERROR(_xlfn.XLOOKUP(A32,Apple!A:A,Apple!B:B),"N/A") -> 170.77 | H32: =IF(OR(G32="N/A", B32="N/A"),"N/A",G32*$B32) -> 15923.192 | I32: =IF(OR(H32="N/A",H31="N/A"), "N/A", H32/H31-1) -> N/A | J32: =IFERROR(_xlfn.XLOOKUP(A32,Microsoft!A:A,Microsoft!B:B),"N/A") -> 338.11 | K32: =IF(OR(J32="N/A",B32="N/A"),"N/A",J32*B32) -> 31526.56 | L32: =IF(OR(K32="N/A",K31="N/A"), "N/A", K32/K31-1) -> N/A | M32: =IFERROR(_xlfn.XLOOKUP($A32,Cisco!A:A,Cisco!B:B),"N/A") -> 52.13 | N32: =IF(OR(M32="N/A",$B32="N/A"),"N/A",M32*$B32) -> 4860.7837 | O32: =IF(OR(N32="N/A",N31="N/A"),"N/A",N32/N31-1) -> N/A | P32: =IFERROR(_xlfn.XLOOKUP($A32,Disney!A:A,Disney!B:B),"N/A") -> 81.59 | Q32: =IF(OR(P32="N/A",$B32="N/A"),"N/A",P32*$B32) -> 7607.7372 | R32: =IF(OR(Q32="N/A",Q31="N/A"),"N/A",Q32/Q31-1) -> N/A | S32: =_xlfn.XLOOKUP(A32,FedEx!A:A,FedEx!B:B,"N/A") -> 240.1 | T32: =IF(OR(S32="N/A",$B32="N/A"),"N/A",S32*$B32) -> 22387.764 | U32: =IF(OR(T32="N/A",T31="N/A"),"N/A",T32/T31-1) -> N/A | V32: =_xlfn.XLOOKUP($A32,'General Motors'!A:A,'General Motors'!B:B,"N/A") -> 28.2 | W32: =IF(OR(V32="N/A",$B32="N/A"),"N/A",V32*$B32) -> 2629.4667 | X32: =IF(OR(W32="N/A",W31="N/A"),"N/A",W32/W31-1) -> N/A | Y32: =_xlfn.XLOOKUP($A32,Chevron!A:A,Chevron!B:B,"N/A") -> 145.73 | Z32: =IF(OR(Y32="N/A",$B32="N/A"),"N/A",Y32*$B32) -> 13588.375 | AA32: =IF(OR(Z32="N/A",Z31="N/A"),"N/A",Z32/Z31-1) -> N/A | AB32: =_xlfn.XLOOKUP($A32,Boeing!A:A,Boeing!B:B,"N/A") -> 186.82 | AC32: =IF(OR(AB32="N/A",$B32="N/A"),"N/A",AB32*$B32) -> 17419.751 | AD32: =IF(OR(AC32="N/A",AC31="N/A"),"N/A",AC32/AC31-1) -> N/A | AE32: =_xlfn.XLOOKUP(A32,Amazon!A:A,Amazon!B:B,"N/A") -> 133.09 | AF32: =IF(OR(AE32="N/A",$B32="N/A"),"N/A",AE32*$B32) -> 12409.777 | AG32: =IF(OR(AF32="N/A",AF31="N/A"),"N/A",AF32/AF31-1) -> N/A | AH32: 837716 | AI32: 391044.59 | AJ32: N/A
A33: 45231 | B33: =_xlfn.XLOOKUP(A33,'USD RUB'!B:B,'USD RUB'!C:C,"N/A") -> 92.0226 | C33: =IFERROR(EXP(_xlfn.XLOOKUP(A33,'Bonds (CP)'!$A$4:$A$513,'Work Sheet'!$B$3:$B$512)/252)-1,"N/A") -> 0.45619343 | D33: =IFERROR(_xlfn.XLOOKUP($A33,Intel!$A$2:$A$502,Intel!$B$2:$B$502),"N/A") -> 37.29 | E33: =IF(OR(D33="N/A", $B33="N/A"),"N/A",D33*$B33) -> 3431.5228 | F33: =IF(E32="N/A", "N/A", IF(OR(E33="N/A",E32="N/A"),"N/A",E33/E32-1)) -> 0.0082667642 | G33: =IFERROR(_xlfn.XLOOKUP(A33,Apple!A:A,Apple!B:B),"N/A") -> 173.97 | H33: =IF(OR(G33="N/A", B33="N/A"),"N/A",G33*$B33) -> 16009.172 | I33: =IF(OR(H33="N/A",H32="N/A"), "N/A", H33/H32-1) -> 0.0053996224 | J33: =IFERROR(_xlfn.XLOOKUP(A33,Microsoft!A:A,Microsoft!B:B),"N/A") -> 346.07 | K33: =IF(OR(J33="N/A",B33="N/A"),"N/A",J33*B33) -> 31846.261 | L33: =IF(OR(K33="N/A",K32="N/A"), "N/A", K33/K32-1) -> 0.0101407 | M33: =IFERROR(_xlfn.XLOOKUP($A33,Cisco!A:A,Cisco!B:B),"N/A") -> 52.19 | N33: =IF(OR(M33="N/A",$B33="N/A"),"N/A",M33*$B33) -> 4802.6595 | O33: =IF(OR(N33="N/A",N32="N/A"),"N/A",N33/N32-1) -> -0.011957776 | P33: =IFERROR(_xlfn.XLOOKUP($A33,Disney!A:A,Disney!B:B),"N/A") -> 81.07 | Q33: =IF(OR(P33="N/A",$B33="N/A"),"N/A",P33*$B33) -> 7460.2722 | R33: =IF(OR(Q33="N/A",Q32="N/A"),"N/A",Q33/Q32-1) -> -0.019383554 | S33: =_xlfn.XLOOKUP(A33,FedEx!A:A,FedEx!B:B,"N/A") -> 243.23 | T33: =IF(OR(S33="N/A",$B33="N/A"),"N/A",S33*$B33) -> 22382.657 | U33: =IF(OR(T33="N/A",T32="N/A"),"N/A",T33/T32-1) -> -0.0002281314 | V33: =_xlfn.XLOOKUP($A33,'General Motors'!A:A,'General Motors'!B:B,"N/A") -> 28 | W33: =IF(OR(V33="N/A",$B33="N/A"),"N/A",V33*$B33) -> 2576.6328 | X33: =IF(OR(W33="N/A",W32="N/A"),"N/A",W33/W32-1) -> -0.02009301 | Y33: =_xlfn.XLOOKUP($A33,Chevron!A:A,Chevron!B:B,"N/A") -> 143.98 | Z33: =IF(OR(Y33="N/A",$B33="N/A"),"N/A",Y33*$B33) -> 13249.414 | AA33: =IF(OR(Z33="N/A",Z32="N/A"),"N/A",Z33/Z32-1) -> -0.024944947 | AB33: =_xlfn.XLOOKUP($A33,Boeing!A:A,Boeing!B:B,"N/A") -> 189.38 | AC33: =IF(OR(AB33="N/A",$B33="N/A"),"N/A",AB33*$B33) -> 17427.24 | AD33: =IF(OR(AC33="N/A",AC32="N/A"),"N/A",AC33/AC32-1) -> 0.00042993256 | AE33: =_xlfn.XLOOKUP(A33,Amazon!A:A,Amazon!B:B,"N/A") -> 137 | AF33: =IF(OR(AE33="N/A",$B33="N/A"),"N/A",AE33*$B33) -> 12607.096 | AG33: =IF(OR(AF33="N/A",AF32="N/A"),"N/A",AF33/AF32-1) -> 0.015900268 | AH33: 4237.86 | AI33: 389978.9 | AJ33: -0.0027253
A34: 45232 | B34: =_xlfn.XLOOKUP(A34,'USD RUB'!B:B,'USD RUB'!C:C,"N/A") -> 93.2801 | C34: =IFERROR(EXP(_xlfn.XLOOKUP(A34,'Bonds (CP)'!$A$4:$A$513,'Work Sheet'!$B$3:$B$512)/252)-1,"N/A") -> 0.44935791 | D34: =IFERROR(_xlfn.XLOOKUP($A34,Intel!$A$2:$A$502,Intel!$B$2:$B$502),"N/A") -> 37.7 | E34: =IF(OR(D34="N/A", $B34="N/A"),"N/A",D34*$B34) -> 3516.6598 | F34: =IF(E33="N/A", "N/A", IF(OR(E34="N/A",E33="N/A"),"N/A",E34/E33-1)) -> 0.024810273 | G34: =IFERROR(_xlfn.XLOOKUP(A34,Apple!A:A,Apple!B:B),"N/A") -> 177.57 | H34: =IF(OR(G34="N/A", B34="N/A"),"N/A",G34*$B34) -> 16563.747 | I34: =IF(OR(H34="N/A",H33="N/A"), "N/A", H34/H33-1) -> 0.03464112 | J34: =IFERROR(_xlfn.XLOOKUP(A34,Microsoft!A:A,Microsoft!B:B),"N/A") -> 348.32 | K34: =IF(OR(J34="N/A",B34="N/A"),"N/A",J34*B34) -> 32491.324 | L34: =IF(OR(K34="N/A",K33="N/A"), "N/A", K34/K33-1) -> 0.020255541 | M34: =IFERROR(_xlfn.XLOOKUP($A34,Cisco!A:A,Cisco!B:B),"N/A") -> 52.75 | N34: =IF(OR(M34="N/A",$B34="N/A"),"N/A",M34*$B34) -> 4920.5253 | O34: =IF(OR(N34="N/A",N33="N/A"),"N/A",N34/N33-1) -> 0.024541773 | P34: =IFERROR(_xlfn.XLOOKUP($A34,Disney!A:A,Disney!B:B),"N/A") -> 83.29 | Q34: =IF(OR(P34="N/A",$B34="N/A"),"N/A",P34*$B34) -> 7769.2995 | R34: =IF(OR(Q34="N/A",Q33="N/A"),"N/A",Q34/Q33-1) -> 0.041423066 | S34: =_xlfn.XLOOKUP(A34,FedEx!A:A,FedEx!B:B,"N/A") -> 247.25 | T34: =IF(OR(S34="N/A",$B34="N/A"),"N/A",S34*$B34) -> 23063.505 | U34: =IF(OR(T34="N/A",T33="N/A"),"N/A",T34/T33-1) -> 0.030418539 | V34: =_xlfn.XLOOKUP($A34,'General Motors'!A:A,'General Motors'!B:B,"N/A") -> 28.8 | W34: =IF(OR(V34="N/A",$B34="N/A"),"N/A",V34*$B34) -> 2686.4669 | X34: =IF(OR(W34="N/A",W33="N/A"),"N/A",W34/W33-1) -> 0.042626982 | Y34: =_xlfn.XLOOKUP($A34,Chevron!A:A,Chevron!B:B,"N/A") -> 148.76 | Z34: =IF(OR(Y34="N/A",$B34="N/A"),"N/A",Y34*$B34) -> 13876.348 | AA34: =IF(OR(Z34="N/A",Z33="N/A"),"N/A",Z34/Z33-1) -> 0.047317846 | AB34: =_xlfn.XLOOKUP($A34,Boeing!A:A,Boeing!B:B,"N/A") -> 192.01 | AC34: =IF(OR(AB34="N/A",$B34="N/A"),"N/A",AB34*$B34) -> 17910.712 | AD34: =IF(OR(AC34="N/A",AC33="N/A"),"N/A",AC34/AC33-1) -> 0.027742317 | AE34: =_xlfn.XLOOKUP(A34,Amazon!A:A,Amazon!B:B,"N/A") -> 138.07 | AF34: =IF(OR(AE34="N/A",$B34="N/A"),"N/A",AE34*$B34) -> 12879.183 | AG34: =IF(OR(AF34="N/A",AF33="N/A"),"N/A",AF34/AF33-1) -> 0.021582068 | AH34: 4317.78 | AI34: 402762.95 | AJ34: 0.0327814
A35: 45233 | B35: =_xlfn.XLOOKUP(A35,'USD RUB'!B:B,'USD RUB'!C:C,"N/A") -> 93.173 | C35: =IFERROR(EXP(_xlfn.XLOOKUP(A35,'Bonds (CP)'!$A$4:$A$513,'Work Sheet'!$B$3:$B$512)/252)-1,"N/A") -> 0.44722168 | D35: =IFERROR(_xlfn.XLOOKUP($A35,Intel!$A$2:$A$502,Intel!$B$2:$B$502),"N/A") -> 38.14 | E35: =IF(OR(D35="N/A", $B35="N/A"),"N/A",D35*$B35) -> 3553.6182 | F35: =IF(E34="N/A", "N/A", IF(OR(E35="N/A",E34="N/A"),"N/A",E35/E34-1)) -> 0.010509532 | G35: =IFERROR(_xlfn.XLOOKUP(A35,Apple!A:A,Apple!B:B),"N/A") -> 176.65 | H35: =IF(OR(G35="N/A", B35="N/A"),"N/A",G35*$B35) -> 16459.01 | I35: =IF(OR(H35="N/A",H34="N/A"), "N/A", H35/H34-1) -> -0.0063232616 | J35: =IFERROR(_xlfn.XLOOKUP(A35,Microsoft!A:A,Microsoft!B:B),"N/A") -> 352.8 | K35: =IF(OR(J35="N/A",B35="N/A"),"N/A",J35*B35) -> 32871.434 | L35: =IF(OR(K35="N/A",K34="N/A"), "N/A", K35/K34-1) -> 0.011698814 | M35: =IFERROR(_xlfn.XLOOKUP($A35,Cisco!A:A,Cisco!B:B),"N/A") -> 53.01 | N35: =IF(OR(M35="N/A",$B35="N/A"),"N/A",M35*$B35) -> 4939.1007 | O35: =IF(OR(N35="N/A",N34="N/A"),"N/A",N35/N34-1) -> 0.0037750959 | P35: =IFERROR(_xlfn.XLOOKUP($A35,Disney!A:A,Disney!B:B),"N/A") -> 85.07 | Q35: =IF(OR(P35="N/A",$B35="N/A"),"N/A",P35*$B35) -> 7926.2271 | R35: =IF(OR(Q35="N/A",Q34="N/A"),"N/A",Q35/Q34-1) -> 0.020198421 | S35: =_xlfn.XLOOKUP(A35,FedEx!A:A,FedEx!B:B,"N/A") -> 247.14 | T35: =IF(OR(S35="N/A",$B35="N/A"),"N/A",S35*$B35) -> 23026.775 | U35: =IF(OR(T35="N/A",T34="N/A"),"N/A",T35/T34-1) -> -0.0015925379 | V35: =_xlfn.XLOOKUP($A35,'General Motors'!A:A,'General Motors'!B:B,"N/A") -> 29.77 | W35: =IF(OR(V35="N/A",$B35="N/A"),"N/A",V35*$B35) -> 2773.7602 | X35: =IF(OR(W35="N/A",W34="N/A"),"N/A",W35/W34-1) -> 0.03249373 | Y35: =_xlfn.XLOOKUP($A35,Chevron!A:A,Chevron!B:B,"N/A") -> 147.61 | Z35: =IF(OR(Y35="N/A",$B35="N/A"),"N/A",Y35*$B35) -> 13753.267 | AA35: =IF(OR(Z35="N/A",Z34="N/A"),"N/A",Z35/Z34-1) -> -0.0088698517 | AB35: =_xlfn.XLOOKUP($A35,Boeing!A:A,Boeing!B:B,"N/A") -> 195.05 | AC35: =IF(OR(AB35="N/A",$B35="N/A"),"N/A",AB35*$B35) -> 18173.394 | AD35: =IF(OR(AC35="N/A",AC34="N/A"),"N/A",AC35/AC34-1) -> 0.014666176 | AE35: =_xlfn.XLOOKUP(A35,Amazon!A:A,Amazon!B:B,"N/A") -> 138.6 | AF35: =IF(OR(AE35="N/A",$B35="N/A"),"N/A",AE35*$B35) -> 12913.778 | AG35: =IF(OR(AF35="N/A",AF34="N/A"),"N/A",AF35/AF34-1) -> 0.0026860704 | AH35: 4358.34 | AI35: 406079.61 | AJ35: 0.00823478
A36: 45234 | B36: =_xlfn.XLOOKUP(A36,'USD RUB'!B:B,'USD RUB'!C:C,"N/A") -> 93.0351 | C36: =IFERROR(EXP(_xlfn.XLOOKUP(A36,'Bonds (CP)'!$A$4:$A$513,'Work Sheet'!$B$3:$B$512)/252)-1,"N/A") -> N/A | D36: =IFERROR(_xlfn.XLOOKUP($A36,Intel!$A$2:$A$502,Intel!$B$2:$B$502),"N/A") -> N/A | E36: =IF(OR(D36="N/A", $B36="N/A"),"N/A",D36*$B36) -> N/A | F36: =IF(E35="N/A", "N/A", IF(OR(E36="N/A",E35="N/A"),"N/A",E36/E35-1)) -> N/A | G36: =IFERROR(_xlfn.XLOOKUP(A36,Apple!A:A,Apple!B:B),"N/A") -> N/A | H36: =IF(OR(G36="N/A", B36="N/A"),"N/A",G36*$B36) -> N/A | I36: =IF(OR(H36="N/A",H35="N/A"), "N/A", H36/H35-1) -> N/A | J36: =IFERROR(_xlfn.XLOOKUP(A36,Microsoft!A:A,Microsoft!B:B),"N/A") -> N/A | K36: =IF(OR(J36="N/A",B36="N/A"),"N/A",J36*B36) -> N/A | L36: =IF(OR(K36="N/A",K35="N/A"), "N/A", K36/K35-1) -> N/A | M36: =IFERROR(_xlfn.XLOOKUP($A36,Cisco!A:A,Cisco!B:B),"N/A") -> N/A | N36: =IF(OR(M36="N/A",$B36="N/A"),"N/A",M36*$B36) -> N/A | O36: =IF(OR(N36="N/A",N35="N/A"),"N/A",N36/N35-1) -> N/A | P36: =IFERROR(_xlfn.XLOOKUP($A36,Disney!A:A,Disney!B:B),"N/A") -> N/A | Q36: =IF(OR(P36="N/A",$B36="N/A"),"N/A",P36*$B36) -> N/A | R36: =IF(OR(Q36="N/A",Q35="N/A"),"N/A",Q36/Q35-1) -> N/A | S36: =_xlfn.XLOOKUP(A36,FedEx!A:A,FedEx!B:B,"N/A") -> N/A | T36: =IF(OR(S36="N/A",$B36="N/A"),"N/A",S36*$B36) -> N/A | U36: =IF(OR(T36="N/A",T35="N/A"),"N/A",T36/T35-1) -> N/A | V36: =_xlfn.XLOOKUP($A36,'General Motors'!A:A,'General Motors'!B:B,"N/A") -> N/A | W36: =IF(OR(V36="N/A",$B36="N/A"),"N/A",V36*$B36) -> N/A | X36: =IF(OR(W36="N/A",W35="N/A"),"N/A",W36/W35-1) -> N/A | Y36: =_xlfn.XLOOKUP($A36,Chevron!A:A,Chevron!B:B,"N/A") -> N/A | Z36: =IF(OR(Y36="N/A",$B36="N/A"),"N/A",Y36*$B36) -> N/A | AA36: =IF(OR(Z36="N/A",Z35="N/A"),"N/A",Z36/Z35-1) -> N/A | AB36: =_xlfn.XLOOKUP($A36,Boeing!A:A,Boeing!B:B,"N/A") -> N/A | AC36: =IF(OR(AB36="N/A",$B36="N/A"),"N/A",AB36*$B36) -> N/A | AD36: =IF(OR(AC36="N/A",AC35="N/A"),"N/A",AC36/AC35-1) -> N/A | AE36: =_xlfn.XLOOKUP(A36,Amazon!A:A,Amazon!B:B,"N/A") -> N/A | AF36: =IF(OR(AE36="N/A",$B36="N/A"),"N/A",AE36*$B36) -> N/A | AG36: =IF(OR(AF36="N/A",AF35="N/A"),"N/A",AF36/AF35-1) -> N/A | AH36: N/A | AI36: N/A | AJ36: N/A
A37: 45235 | B37: =_xlfn.XLOOKUP(A37,'USD RUB'!B:B,'USD RUB'!C:C,"N/A") -> N/A | C37: =IFERROR(EXP(_xlfn.XLOOKUP(A37,'Bonds (CP)'!$A$4:$A$513,'Work Sheet'!$B$3:$B$512)/252)-1,"N/A") -> N/A | D37: =IFERROR(_xlfn.XLOOKUP($A37,Intel!$A$2:$A$502,Intel!$B$2:$B$502),"N/A") -> N/A | E37: =IF(OR(D37="N/A", $B37="N/A"),"N/A",D37*$B37) -> N/A | F37: =IF(E36="N/A", "N/A", IF(OR(E37="N/A",E36="N/A"),"N/A",E37/E36-1)) -> N/A | G37: =IFERROR(_xlfn.XLOOKUP(A37,Apple!A:A,Apple!B:B),"N/A") -> N/A | H37: =IF(OR(G37="N/A", B37="N/A"),"N/A",G37*$B37) -> N/A | I37: =IF(OR(H37="N/A",H36="N/A"), "N/A", H37/H36-1) -> N/A | J37: =IFERROR(_xlfn.XLOOKUP(A37,Microsoft!A:A,Microsoft!B:B),"N/A") -> N/A | K37: =IF(OR(J37="N/A",B37="N/A"),"N/A",J37*B37) -> N/A | L37: =IF(OR(K37="N/A",K36="N/A"), "N/A", K37/K36-1) -> N/A | M37: =IFERROR(_xlfn.XLOOKUP($A37,Cisco!A:A,Cisco!B:B),"N/A") -> N/A | N37: =IF(OR(M37="N/A",$B37="N/A"),"N/A",M37*$B37) -> N/A | O37: =IF(OR(N37="N/A",N36="N/A"),"N/A",N37/N36-1) -> N/A | P37: =IFERROR(_xlfn.XLOOKUP($A37,Disney!A:A,Disney!B:B),"N/A") -> N/A | Q37: =IF(OR(P37="N/A",$B37="N/A"),"N/A",P37*$B37) -> N/A | R37: =IF(OR(Q37="N/A",Q36="N/A"),"N/A",Q37/Q36-1) -> N/A | S37: =_xlfn.XLOOKUP(A37,FedEx!A:A,FedEx!B:B,"N/A") -> N/A | T37: =IF(OR(S37="N/A",$B37="N/A"),"N/A",S37*$B37) -> N/A | U37: =IF(OR(T37="N/A",T36="N/A"),"N/A",T37/T36-1) -> N/A | V37: =_xlfn.XLOOKUP($A37,'General Motors'!A:A,'General Motors'!B:B,"N/A") -> N/A | W37: =IF(OR(V37="N/A",$B37="N/A"),"N/A",V37*$B37) -> N/A | X37: =IF(OR(W37="N/A",W36="N/A"),"N/A",W37/W36-1) -> N/A | Y37: =_xlfn.XLOOKUP($A37,Chevron!A:A,Chevron!B:B,"N/A") -> N/A | Z37: =IF(OR(Y37="N/A",$B37="N/A"),"N/A",Y37*$B37) -> N/A | AA37: =IF(OR(Z37="N/A",Z36="N/A"),"N/A",Z37/Z36-1) -> N/A | AB37: =_xlfn.XLOOKUP($A37,Boeing!A:A,Boeing!B:B,"N/A") -> N/A | AC37: =IF(OR(AB37="N/A",$B37="N/A"),"N/A",AB37*$B37) -> N/A | AD37: =IF(OR(AC37="N/A",AC36="N/A"),"N/A",AC37/AC36-1) -> N/A | AE37: =_xlfn.XLOOKUP(A37,Amazon!A:A,Amazon!B:B,"N/A") -> N/A | AF37: =IF(OR(AE37="N/A",$B37="N/A"),"N/A",AE37*$B37) -> N/A | AG37: =IF(OR(AF37="N/A",AF36="N/A"),"N/A",AF37/AF36-1) -> N/A | AH37: N/A | AI37: N/A | AJ37: N/A
A38: 45236 | B38: =_xlfn.XLOOKUP(A38,'USD RUB'!B:B,'USD RUB'!C:C,"N/A") -> N/A | C38: =IFERROR(EXP(_xlfn.XLOOKUP(A38,'Bonds (CP)'!$A$4:$A$513,'Work Sheet'!$B$3:$B$512)/252)-1,"N/A") -> 0.44958338 | D38: =IFERROR(_xlfn.XLOOKUP($A38,Intel!$A$2:$A$502,Intel!$B$2:$B$502),"N/A") -> 37.95 | E38: =IF(OR(D38="N/A", $B38="N/A"),"N/A",D38*$B38) -> N/A | F38: =IF(E37="N/A", "N/A", IF(OR(E38="N/A",E37="N/A"),"N/A",E38/E37-1)) -> N/A | G38: =IFERROR(_xlfn.XLOOKUP(A38,Apple!A:A,Apple!B:B),"N/A") -> 179.23 | H38: =IF(OR(G38="N/A", B38="N/A"),"N/A",G38*$B38) -> N/A | I38: =IF(OR(H38="N/A",H37="N/A"), "N/A", H38/H37-1) -> N/A | J38: =IFERROR(_xlfn.XLOOKUP(A38,Microsoft!A:A,Microsoft!B:B),"N/A") -> 356.53 | K38: =IF(OR(J38="N/A",B38="N/A"),"N/A",J38*B38) -> N/A | L38: =IF(OR(K38="N/A",K37="N/A"), "N/A", K38/K37-1) -> N/A | M38: =IFERROR(_xlfn.XLOOKUP($A38,Cisco!A:A,Cisco!B:B),"N/A") -> 53.29 | N38: =IF(OR(M38="N/A",$B38="N/A"),"N/A",M38*$B38) -> N/A | O38: =IF(OR(N38="N/A",N37="N/A"),"N/A",N38/N37-1) -> N/A | P38: =IFERROR(_xlfn.XLOOKUP($A38,Disney!A:A,Disney!B:B),"N/A") -> 84.02 | Q38: =IF(OR(P38="N/A",$B38="N/A"),"N/A",P38*$B38) -> N/A | R38: =IF(OR(Q38="N/A",Q37="N/A"),"N/A",Q38/Q37-1) -> N/A | S38: =_xlfn.XLOOKUP(A38,FedEx!A:A,FedEx!B:B,"N/A") -> 245.33 | T38: =IF(OR(S38="N/A",$B38="N/A"),"N/A",S38*$B38) -> N/A | U38: =IF(OR(T38="N/A",T37="N/A"),"N/A",T38/T37-1) -> N/A | V38: =_xlfn.XLOOKUP($A38,'General Motors'!A:A,'General Motors'!B:B,"N/A") -> 29.11 | W38: =IF(OR(V38="N/A",$B38="N/A"),"N/A",V38*$B38) -> N/A | X38: =IF(OR(W38="N/A",W37="N/A"),"N/A",W38/W37-1) -> N/A | Y38: =_xlfn.XLOOKUP($A38,Chevron!A:A,Chevron!B:B,"N/A") -> 147 | Z38: =IF(OR(Y38="N/A",$B38="N/A"),"N/A",Y38*$B38) -> N/A | AA38: =IF(OR(Z38="N/A",Z37="N/A"),"N/A",Z38/Z37-1) -> N/A | AB38: =_xlfn.XLOOKUP($A38,Boeing!A:A,Boeing!B:B,"N/A") -> 192.95 | AC38: =IF(OR(AB38="N/A",$B38="N/A"),"N/A",AB38*$B38) -> N/A | AD38: =IF(OR(AC38="N/A",AC37="N/A"),"N/A",AC38/AC37-1) -> N/A | AE38: =_xlfn.XLOOKUP(A38,Amazon!A:A,Amazon!B:B,"N/A") -> 139.74 | AF38: =IF(OR(AE38="N/A",$B38="N/A"),"N/A",AE38*$B38) -> N/A | AG38: =IF(OR(AF38="N/A",AF37="N/A"),"N/A",AF38/AF37-1) -> N/A | AH38: 4365.98 | AI38: N/A | AJ38: N/A
A39: 45237 | B39: =_xlfn.XLOOKUP(A39,'USD RUB'!B:B,'USD RUB'!C:C,"N/A") -> N/A | C39: =IFERROR(EXP(_xlfn.XLOOKUP(A39,'Bonds (CP)'!$A$4:$A$513,'Work Sheet'!$B$3:$B$512)/252)-1,"N/A") -> 0.44760478 | D39: =IFERROR(_xlfn.XLOOKUP($A39,Intel!$A$2:$A$502,Intel!$B$2:$B$502),"N/A") -> 38.77 | E39: =IF(OR(D39="N/A", $B39="N/A"),"N/A",D39*$B39) -> N/A | F39: =IF(E38="N/A", "N/A", IF(OR(E39="N/A",E38="N/A"),"N/A",E39/E38-1)) -> N/A | G39: =IFERROR(_xlfn.XLOOKUP(A39,Apple!A:A,Apple!B:B),"N/A") -> 181.82 | H39: =IF(OR(G39="N/A", B39="N/A"),"N/A",G39*$B39) -> N/A | I39: =IF(OR(H39="N/A",H38="N/A"), "N/A", H39/H38-1) -> N/A | J39: =IFERROR(_xlfn.XLOOKUP(A39,Microsoft!A:A,Microsoft!B:B),"N/A") -> 360.53 | K39: =IF(OR(J39="N/A",B39="N/A"),"N/A",J39*B39) -> N/A | L39: =IF(OR(K39="N/A",K38="N/A"), "N/A", K39/K38-1) -> N/A | M39: =IFERROR(_xlfn.XLOOKUP($A39,Cisco!A:A,Cisco!B:B),"N/A") -> 53.13 | N39: =IF(OR(M39="N/A",$B39="N/A"),"N/A",M39*$B39) -> N/A | O39: =IF(OR(N39="N/A",N38="N/A"),"N/A",N39/N38-1) -> N/A | P39: =IFERROR(_xlfn.XLOOKUP($A39,Disney!A:A,Disney!B:B),"N/A") -> 84.59 | Q39: =IF(OR(P39="N/A",$B39="N/A"),"N/A",P39*$B39) -> N/A | R39: =IF(OR(Q39="N/A",Q38="N/A"),"N/A",Q39/Q38-1) -> N/A | S39: =_xlfn.XLOOKUP(A39,FedEx!A:A,FedEx!B:B,"N/A") -> 244.2 | T39: =IF(OR(S39="N/A",$B39="N/A"),"N/A",S39*$B39) -> N/A | U39: =IF(OR(T39="N/A",T38="N/A"),"N/A",T39/T38-1) -> N/A | V39: =_xlfn.XLOOKUP($A39,'General Motors'!A:A,'General Motors'!B:B,"N/A") -> 28.41 | W39: =IF(OR(V39="N/A",$B39="N/A"),"N/A",V39*$B39) -> N/A | X39: =IF(OR(W39="N/A",W38="N/A"),"N/A",W39/W38-1) -> N/A | Y39: =_xlfn.XLOOKUP($A39,Chevron!A:A,Chevron!B:B,"N/A") -> 144.41 | Z39: =IF(OR(Y39="N/A",$B39="N/A"),"N/A",Y39*$B39) -> N/A | AA39: =IF(OR(Z39="N/A",Z38="N/A"),"N/A",Z39/Z38-1) -> N/A | AB39: =_xlfn.XLOOKUP($A39,Boeing!A:A,Boeing!B:B,"N/A") -> 191.41 | AC39: =IF(OR(AB39="N/A",$B39="N/A"),"N/A",AB39*$B39) -> N/A | AD39: =IF(OR(AC39="N/A",AC38="N/A"),"N/A",AC39/AC38-1) -> N/A | AE39: =_xlfn.XLOOKUP(A39,Amazon!A:A,Amazon!B:B,"N/A") -> 142.71 | AF39: =IF(OR(AE39="N/A",$B39="N/A"),"N/A",AE39*$B39) -> N/A | AG39: =IF(OR(AF39="N/A",AF38="N/A"),"N/A",AF39/AF38-1) -> N/A | AH39: 4378.38 | AI39: N/A | AJ39: N/A
A40: 45238 | B40: =_xlfn.XLOOKUP(A40,'USD RUB'!B:B,'USD RUB'!C:C,"N/A") -> 92.4151 | C40: =IFERROR(EXP(_xlfn.XLOOKUP(A40,'Bonds (CP)'!$A$4:$A$513,'Work Sheet'!$B$3:$B$512)/252)-1,"N/A") -> N/A | D40: =IFERROR(_xlfn.XLOOKUP($A40,Intel!$A$2:$A$502,Intel!$B$2:$B$502),"N/A") -> 37.92 | E40: =IF(OR(D40="N/A", $B40="N/A"),"N/A",D40*$B40) -> 3504.3806 | F40: =IF(E39="N/A", "N/A", IF(OR(E40="N/A",E39="N/A"),"N/A",E40/E39-1)) -> N/A | G40: =IFERROR(_xlfn.XLOOKUP(A40,Apple!A:A,Apple!B:B),"N/A") -> 182.89 | H40: =IF(OR(G40="N/A", B40="N/A"),"N/A",G40*$B40) -> 16901.798 | I40: =IF(OR(H40="N/A",H39="N/A"), "N/A", H40/H39-1) -> N/A | J40: =IFERROR(_xlfn.XLOOKUP(A40,Microsoft!A:A,Microsoft!B:B),"N/A") -> 363.2 | K40: =IF(OR(J40="N/A",B40="N/A"),"N/A",J40*B40) -> 33565.164 | L40: =IF(OR(K40="N/A",K39="N/A"), "N/A", K40/K39-1) -> N/A | M40: =IFERROR(_xlfn.XLOOKUP($A40,Cisco!A:A,Cisco!B:B),"N/A") -> 53 | N40: =IF(OR(M40="N/A",$B40="N/A"),"N/A",M40*$B40) -> 4898.0003 | O40: =IF(OR(N40="N/A",N39="N/A"),"N/A",N40/N39-1) -> N/A | P40: =IFERROR(_xlfn.XLOOKUP($A40,Disney!A:A,Disney!B:B),"N/A") -> 84.5 | Q40: =IF(OR(P40="N/A",$B40="N/A"),"N/A",P40*$B40) -> 7809.0759 | R40: =IF(OR(Q40="N/A",Q39="N/A"),"N/A",Q40/Q39-1) -> N/A | S40: =_xlfn.XLOOKUP(A40,FedEx!A:A,FedEx!B:B,"N/A") -> 245.37 | T40: =IF(OR(S40="N/A",$B40="N/A"),"N/A",S40*$B40) -> 22675.893 | U40: =IF(OR(T40="N/A",T39="N/A"),"N/A",T40/T39-1) -> N/A | V40: =_xlfn.XLOOKUP($A40,'General Motors'!A:A,'General Motors'!B:B,"N/A") -> 27.56 | W40: =IF(OR(V40="N/A",$B40="N/A"),"N/A",V40*$B40) -> 2546.9602 | X40: =IF(OR(W40="N/A",W39="N/A"),"N/A",W40/W39-1) -> N/A | Y40: =_xlfn.XLOOKUP($A40,Chevron!A:A,Chevron!B:B,"N/A") -> 142.4 | Z40: =IF(OR(Y40="N/A",$B40="N/A"),"N/A",Y40*$B40) -> 13159.91 | AA40: =IF(OR(Z40="N/A",Z39="N/A"),"N/A",Z40/Z39-1) -> N/A | AB40: =_xlfn.XLOOKUP($A40,Boeing!A:A,Boeing!B:B,"N/A") -> 191.83 | AC40: =IF(OR(AB40="N/A",$B40="N/A"),"N/A",AB40*$B40) -> 17727.989 | AD40: =IF(OR(AC40="N/A",AC39="N/A"),"N/A",AC40/AC39-1) -> N/A | AE40: =_xlfn.XLOOKUP(A40,Amazon!A:A,Amazon!B:B,"N/A") -> 142.08 | AF40: =IF(OR(AE40="N/A",$B40="N/A"),"N/A",AE40*$B40) -> 13130.337 | AG40: =IF(OR(AF40="N/A",AF39="N/A"),"N/A",AF40/AF39-1) -> N/A | AH40: 4382.78 | AI40: 405035.05 | AJ40: N/A
A41: 45239 | B41: =_xlfn.XLOOKUP(A41,'USD RUB'!B:B,'USD RUB'!C:C,"N/A") -> 92.1973 | C41: =IFERROR(EXP(_xlfn.XLOOKUP(A41,'Bonds (CP)'!$A$4:$A$513,'Work Sheet'!$B$3:$B$512)/252)-1,"N/A") -> N/A | D41: =IFERROR(_xlfn.XLOOKUP($A41,Intel!$A$2:$A$502,Intel!$B$2:$B$502),"N/A") -> 37.8 | E41: =IF(OR(D41="N/A", $B41="N/A"),"N/A",D41*$B41) -> 3485.0579 | F41: =IF(E40="N/A", "N/A", IF(OR(E41="N/A",E40="N/A"),"N/A",E41/E40-1)) -> -0.0055138566 | G41: =IFERROR(_xlfn.XLOOKUP(A41,Apple!A:A,Apple!B:B),"N/A") -> 182.41 | H41: =IF(OR(G41="N/A", B41="N/A"),"N/A",G41*$B41) -> 16817.709 | I41: =IF(OR(H41="N/A",H40="N/A"), "N/A", H41/H40-1) -> -0.0049751007 | J41: =IFERROR(_xlfn.XLOOKUP(A41,Microsoft!A:A,Microsoft!B:B),"N/A") -> 360.69 | K41: =IF(OR(J41="N/A",B41="N/A"),"N/A",J41*B41) -> 33254.644 | L41: =IF(OR(K41="N/A",K40="N/A"), "N/A", K41/K40-1) -> -0.0092512636 | M41: =IFERROR(_xlfn.XLOOKUP($A41,Cisco!A:A,Cisco!B:B),"N/A") -> 52 | N41: =IF(OR(M41="N/A",$B41="N/A"),"N/A",M41*$B41) -> 4794.2596 | O41: =IF(OR(N41="N/A",N40="N/A"),"N/A",N41/N40-1) -> -0.021180215 | P41: =IFERROR(_xlfn.XLOOKUP($A41,Disney!A:A,Disney!B:B),"N/A") -> 90.34 | Q41: =IF(OR(P41="N/A",$B41="N/A"),"N/A",P41*$B41) -> 8329.1041 | R41: =IF(OR(Q41="N/A",Q40="N/A"),"N/A",Q41/Q40-1) -> 0.066592787 | S41: =_xlfn.XLOOKUP(A41,FedEx!A:A,FedEx!B:B,"N/A") -> 241.19 | T41: =IF(OR(S41="N/A",$B41="N/A"),"N/A",S41*$B41) -> 22237.067 | U41: =IF(OR(T41="N/A",T40="N/A"),"N/A",T41/T40-1) -> -0.019352107 | V41: =_xlfn.XLOOKUP($A41,'General Motors'!A:A,'General Motors'!B:B,"N/A") -> 26.65 | W41: =IF(OR(V41="N/A",$B41="N/A"),"N/A",V41*$B41) -> 2457.058 | X41: =IF(OR(W41="N/A",W40="N/A"),"N/A",W41/W40-1) -> -0.035297808 | Y41: =_xlfn.XLOOKUP($A41,Chevron!A:A,Chevron!B:B,"N/A") -> 141.94 | Z41: =IF(OR(Y41="N/A",$B41="N/A"),"N/A",Y41*$B41) -> 13086.485 | AA41: =IF(OR(Z41="N/A",Z40="N/A"),"N/A",Z41/Z40-1) -> -0.0055794817 | AB41: =_xlfn.XLOOKUP($A41,Boeing!A:A,Boeing!B:B,"N/A") -> 193.33 | AC41: =IF(OR(AB41="N/A",$B41="N/A"),"N/A",AB41*$B41) -> 17824.504 | AD41: =IF(OR(AC41="N/A",AC40="N/A"),"N/A",AC41/AC40-1) -> 0.0054442372 | AE41: =_xlfn.XLOOKUP(A41,Amazon!A:A,Amazon!B:B,"N/A") -> 140.6 | AF41: =IF(OR(AE41="N/A",$B41="N/A"),"N/A",AE41*$B41) -> 12962.94 | AG41: =IF(OR(AF41="N/A",AF40="N/A"),"N/A",AF41/AF40-1) -> -0.012748875 | AH41: 4347.35 | AI41: 400813.93 | AJ41: -0.0104216
A42: 45240 | B42: =_xlfn.XLOOKUP(A42,'USD RUB'!B:B,'USD RUB'!C:C,"N/A") -> 91.9266 | C42: =IFERROR(EXP(_xlfn.XLOOKUP(A42,'Bonds (CP)'!$A$4:$A$513,'Work Sheet'!$B$3:$B$512)/252)-1,"N/A") -> 0.44775472 | D42: =IFERROR(_xlfn.XLOOKUP($A42,Intel!$A$2:$A$502,Intel!$B$2:$B$502),"N/A") -> 38.86 | E42: =IF(OR(D42="N/A", $B42="N/A"),"N/A",D42*$B42) -> 3572.2677 | F42: =IF(E41="N/A", "N/A", IF(OR(E42="N/A",E41="N/A"),"N/A",E42/E41-1)) -> 0.025023898 | G42: =IFERROR(_xlfn.XLOOKUP(A42,Apple!A:A,Apple!B:B),"N/A") -> 186.4 | H42: =IF(OR(G42="N/A", B42="N/A"),"N/A",G42*$B42) -> 17135.118 | I42: =IF(OR(H42="N/A",H41="N/A"), "N/A", H42/H41-1) -> 0.018873483 | J42: =IFERROR(_xlfn.XLOOKUP(A42,Microsoft!A:A,Microsoft!B:B),"N/A") -> 369.67 | K42: =IF(OR(J42="N/A",B42="N/A"),"N/A",J42*B42) -> 33982.506 | L42: =IF(OR(K42="N/A",K41="N/A"), "N/A", K42/K41-1) -> 0.021887532 | M42: =IFERROR(_xlfn.XLOOKUP($A42,Cisco!A:A,Cisco!B:B),"N/A") -> 52.59 | N42: =IF(OR(M42="N/A",$B42="N/A"),"N/A",M42*$B42) -> 4834.4199 | O42: =IF(OR(N42="N/A",N41="N/A"),"N/A",N42/N41-1) -> 0.0083767458 | P42: =IFERROR(_xlfn.XLOOKUP($A42,Disney!A:A,Disney!B:B),"N/A") -> 88.27 | Q42: =IF(OR(P42="N/A",$B42="N/A"),"N/A",P42*$B42) -> 8114.361 | R42: =IF(OR(Q42="N/A",Q41="N/A"),"N/A",Q42/Q41-1) -> -0.025782257 | S42: =_xlfn.XLOOKUP(A42,FedEx!A:A,FedEx!B:B,"N/A") -> 246.03 | T42: =IF(OR(S42="N/A",$B42="N/A"),"N/A",S42*$B42) -> 22616.701 | U42: =IF(OR(T42="N/A",T41="N/A"),"N/A",T42/T41-1) -> 0.017072153 | V42: =_xlfn.XLOOKUP($A42,'General Motors'!A:A,'General Motors'!B:B,"N/A") -> 26.85 | W42: =IF(OR(V42="N/A",$B42="N/A"),"N/A",V42*$B42) -> 2468.2292 | X42: =IF(OR(W42="N/A",W41="N/A"),"N/A",W42/W41-1) -> 0.0045465613 | Y42: =_xlfn.XLOOKUP($A42,Chevron!A:A,Chevron!B:B,"N/A") -> 142.95 | Z42: =IF(OR(Y42="N/A",$B42="N/A"),"N/A",Y42*$B42) -> 13140.907 | AA42: =IF(OR(Z42="N/A",Z41="N/A"),"N/A",Z42/Z41-1) -> 0.0041586957 | AB42: =_xlfn.XLOOKUP($A42,Boeing!A:A,Boeing!B:B,"N/A") -> 196.65 | AC42: =IF(OR(AB42="N/A",$B42="N/A"),"N/A",AB42*$B42) -> 18077.366 | AD42: =IF(OR(AC42="N/A",AC41="N/A"),"N/A",AC42/AC41-1) -> 0.014186195 | AE42: =_xlfn.XLOOKUP(A42,Amazon!A:A,Amazon!B:B,"N/A") -> 143.56 | AF42: =IF(OR(AE42="N/A",$B42="N/A"),"N/A",AE42*$B42) -> 13196.983 | AG42: =IF(OR(AF42="N/A",AF41="N/A"),"N/A",AF42/AF41-1) -> 0.018054724 | AH42: 4415.24 | AI42: 405878 | AJ42: 0.01263446
A43: 45241 | B43: =_xlfn.XLOOKUP(A43,'USD RUB'!B:B,'USD RUB'!C:C,"N/A") -> 92.0535 | C43: =IFERROR(EXP(_xlfn.XLOOKUP(A43,'Bonds (CP)'!$A$4:$A$513,'Work Sheet'!$B$3:$B$512)/252)-1,"N/A") -> N/A | D43: =IFERROR(_xlfn.XLOOKUP($A43,Intel!$A$2:$A$502,Intel!$B$2:$B$502),"N/A") -> N/A | E43: =IF(OR(D43="N/A", $B43="N/A"),"N/A",D43*$B43) -> N/A | F43: =IF(E42="N/A", "N/A", IF(OR(E43="N/A",E42="N/A"),"N/A",E43/E42-1)) -> N/A | G43: =IFERROR(_xlfn.XLOOKUP(A43,Apple!A:A,Apple!B:B),"N/A") -> N/A | H43: =IF(OR(G43="N/A", B43="N/A"),"N/A",G43*$B43) -> N/A | I43: =IF(OR(H43="N/A",H42="N/A"), "N/A", H43/H42-1) -> N/A | J43: =IFERROR(_xlfn.XLOOKUP(A43,Microsoft!A:A,Microsoft!B:B),"N/A") -> N/A | K43: =IF(OR(J43="N/A",B43="N/A"),"N/A",J43*B43) -> N/A | L43: =IF(OR(K43="N/A",K42="N/A"), "N/A", K43/K42-1) -> N/A | M43: =IFERROR(_xlfn.XLOOKUP($A43,Cisco!A:A,Cisco!B:B),"N/A") -> N/A | N43: =IF(OR(M43="N/A",$B43="N/A"),"N/A",M43*$B43) -> N/A | O43: =IF(OR(N43="N/A",N42="N/A"),"N/A",N43/N42-1) -> N/A | P43: =IFERROR(_xlfn.XLOOKUP($A43,Disney!A:A,Disney!B:B),"N/A") -> N/A | Q43: =IF(OR(P43="N/A",$B43="N/A"),"N/A",P43*$B43) -> N/A | R43: =IF(OR(Q43="N/A",Q42="N/A"),"N/A",Q43/Q42-1) -> N/A | S43: =_xlfn.XLOOKUP(A43,FedEx!A:A,FedEx!B:B,"N/A") -> N/A | T43: =IF(OR(S43="N/A",$B43="N/A"),"N/A",S43*$B43) -> N/A | U43: =IF(OR(T43="N/A",T42="N/A"),"N/A",T43/T42-1) -> N/A | V43: =_xlfn.XLOOKUP($A43,'General Motors'!A:A,'General Motors'!B:B,"N/A") -> N/A | W43: =IF(OR(V43="N/A",$B43="N/A"),"N/A",V43*$B43) -> N/A | X43: =IF(OR(W43="N/A",W42="N/A"),"N/A",W43/W42-1) -> N/A | Y43: =_xlfn.XLOOKUP($A43,Chevron!A:A,Chevron!B:B,"N/A") -> N/A | Z43: =IF(OR(Y43="N/A",$B43="N/A"),"N/A",Y43*$B43) -> N/A | AA43: =IF(OR(Z43="N/A",Z42="N/A"),"N/A",Z43/Z42-1) -> N/A | AB43: =_xlfn.XLOOKUP($A43,Boeing!A:A,Boeing!B:B,"N/A") -> N/A | AC43: =IF(OR(AB43="N/A",$B43="N/A"),"N/A",AB43*$B43) -> N/A | AD43: =IF(OR(AC43="N/A",AC42="N/A"),"N/A",AC43/AC42-1) -> N/A | AE43: =_xlfn.XLOOKUP(A43,Amazon!A:A,Amazon!B:B,"N/A") -> N/A | AF43: =IF(OR(AE43="N/A",$B43="N/A"),"N/A",AE43*$B43) -> N/A | AG43: =IF(OR(AF43="N/A",AF42="N/A"),"N/A",AF43/AF42-1) -> N/A | AH43: N/A | AI43: N/A | AJ43: N/A
A44: 45242 | B44: =_xlfn.XLOOKUP(A44,'USD RUB'!B:B,'USD RUB'!C:C,"N/A") -> N/A | C44: =IFERROR(EXP(_xlfn.XLOOKUP(A44,'Bonds (CP)'!$A$4:$A$513,'Work Sheet'!$B$3:$B$512)/252)-1,"N/A") -> N/A | D44: =IFERROR(_xlfn.XLOOKUP($A44,Intel!$A$2:$A$502,Intel!$B$2:$B$502),"N/A") -> N/A | E44: =IF(OR(D44="N/A", $B44="N/A"),"N/A",D44*$B44) -> N/A | F44: =IF(E43="N/A", "N/A", IF(OR(E44="N/A",E43="N/A"),"N/A",E44/E43-1)) -> N/A | G44: =IFERROR(_xlfn.XLOOKUP(A44,Apple!A:A,Apple!B:B),"N/A") -> N/A | H44: =IF(OR(G44="N/A", B44="N/A"),"N/A",G44*$B44) -> N/A | I44: =IF(OR(H44="N/A",H43="N/A"), "N/A", H44/H43-1) -> N/A | J44: =IFERROR(_xlfn.XLOOKUP(A44,Microsoft!A:A,Microsoft!B:B),"N/A") -> N/A | K44: =IF(OR(J44="N/A",B44="N/A"),"N/A",J44*B44) -> N/A | L44: =IF(OR(K44="N/A",K43="N/A"), "N/A", K44/K43-1) -> N/A | M44: =IFERROR(_xlfn.XLOOKUP($A44,Cisco!A:A,Cisco!B:B),"N/A") -> N/A | N44: =IF(OR(M44="N/A",$B44="N/A"),"N/A",M44*$B44) -> N/A | O44: =IF(OR(N44="N/A",N43="N/A"),"N/A",N44/N43-1) -> N/A | P44: =IFERROR(_xlfn.XLOOKUP($A44,Disney!A:A,Disney!B:B),"N/A") -> N/A | Q44: =IF(OR(P44="N/A",$B44="N/A"),"N/A",P44*$B44) -> N/A | R44: =IF(OR(Q44="N/A",Q43="N/A"),"N/A",Q44/Q43-1) -> N/A | S44: =_xlfn.XLOOKUP(A44,FedEx!A:A,FedEx!B:B,"N/A") -> N/A | T44: =IF(OR(S44="N/A",$B44="N/A"),"N/A",S44*$B44) -> N/A | U44: =IF(OR(T44="N/A",T43="N/A"),"N/A",T44/T43-1) -> N/A | V44: =_xlfn.XLOOKUP($A44,'General Motors'!A:A,'General Motors'!B:B,"N/A") -> N/A | W44: =IF(OR(V44="N/A",$B44="N/A"),"N/A",V44*$B44) -> N/A | X44: =IF(OR(W44="N/A",W43="N/A"),"N/A",W44/W43-1) -> N/A | Y44: =_xlfn.XLOOKUP($A44,Chevron!A:A,Chevron!B:B,"N/A") -> N/A | Z44: =IF(OR(Y44="N/A",$B44="N/A"),"N/A",Y44*$B44) -> N/A | AA44: =IF(OR(Z44="N/A",Z43="N/A"),"N/A",Z44/Z43-1) -> N/A | AB44: =_xlfn.XLOOKUP($A44,Boeing!A:A,Boeing!B:B,"N/A") -> N/A | AC44: =IF(OR(AB44="N/A",$B44="N/A"),"N/A",AB44*$B44) -> N/A | AD44: =IF(OR(AC44="N/A",AC43="N/A"),"N/A",AC44/AC43-1) -> N/A | AE44: =_xlfn.XLOOKUP(A44,Amazon!A:A,Amazon!B:B,"N/A") -> N/A | AF44: =IF(OR(AE44="N/A",$B44="N/A"),"N/A",AE44*$B44) -> N/A | AG44: =IF(OR(AF44="N/A",AF43="N/A"),"N/A",AF44/AF43-1) -> N/A | AH44: N/A | AI44: N/A | AJ44: N/A
A45: 45243 | B45: =_xlfn.XLOOKUP(A45,'USD RUB'!B:B,'USD RUB'!C:C,"N/A") -> N/A | C45: =IFERROR(EXP(_xlfn.XLOOKUP(A45,'Bonds (CP)'!$A$4:$A$513,'Work Sheet'!$B$3:$B$512)/252)-1,"N/A") -> 0.44075754 | D45: =IFERROR(_xlfn.XLOOKUP($A45,Intel!$A$2:$A$502,Intel!$B$2:$B$502),"N/A") -> 38.23 | E45: =IF(OR(D45="N/A", $B45="N/A"),"N/A",D45*$B45) -> N/A | F45: =IF(E44="N/A", "N/A", IF(OR(E45="N/A",E44="N/A"),"N/A",E45/E44-1)) -> N/A | G45: =IFERROR(_xlfn.XLOOKUP(A45,Apple!A:A,Apple!B:B),"N/A") -> 184.8 | H45: =IF(OR(G45="N/A", B45="N/A"),"N/A",G45*$B45) -> N/A | I45: =IF(OR(H45="N/A",H44="N/A"), "N/A", H45/H44-1) -> N/A | J45: =IFERROR(_xlfn.XLOOKUP(A45,Microsoft!A:A,Microsoft!B:B),"N/A") -> 366.68 | K45: =IF(OR(J45="N/A",B45="N/A"),"N/A",J45*B45) -> N/A | L45: =IF(OR(K45="N/A",K44="N/A"), "N/A", K45/K44-1) -> N/A | M45: =IFERROR(_xlfn.XLOOKUP($A45,Cisco!A:A,Cisco!B:B),"N/A") -> 52.23 | N45: =IF(OR(M45="N/A",$B45="N/A"),"N/A",M45*$B45) -> N/A | O45: =IF(OR(N45="N/A",N44="N/A"),"N/A",N45/N44-1) -> N/A | P45: =IFERROR(_xlfn.XLOOKUP($A45,Disney!A:A,Disney!B:B),"N/A") -> 89.44 | Q45: =IF(OR(P45="N/A",$B45="N/A"),"N/A",P45*$B45) -> N/A | R45: =IF(OR(Q45="N/A",Q44="N/A"),"N/A",Q45/Q44-1) -> N/A | S45: =_xlfn.XLOOKUP(A45,FedEx!A:A,FedEx!B:B,"N/A") -> 245.39 | T45: =IF(OR(S45="N/A",$B45="N/A"),"N/A",S45*$B45) -> N/A | U45: =IF(OR(T45="N/A",T44="N/A"),"N/A",T45/T44-1) -> N/A | V45: =_xlfn.XLOOKUP($A45,'General Motors'!A:A,'General Motors'!B:B,"N/A") -> 26.9 | W45: =IF(OR(V45="N/A",$B45="N/A"),"N/A",V45*$B45) -> N/A | X45: =IF(OR(W45="N/A",W44="N/A"),"N/A",W45/W44-1) -> N/A | Y45: =_xlfn.XLOOKUP($A45,Chevron!A:A,Chevron!B:B,"N/A") -> 144 | Z45: =IF(OR(Y45="N/A",$B45="N/A"),"N/A",Y45*$B45) -> N/A | AA45: =IF(OR(Z45="N/A",Z44="N/A"),"N/A",Z45/Z44-1) -> N/A | AB45: =_xlfn.XLOOKUP($A45,Boeing!A:A,Boeing!B:B,"N/A") -> 204.54 | AC45: =IF(OR(AB45="N/A",$B45="N/A"),"N/A",AB45*$B45) -> N/A | AD45: =IF(OR(AC45="N/A",AC44="N/A"),"N/A",AC45/AC44-1) -> N/A | AE45: =_xlfn.XLOOKUP(A45,Amazon!A:A,Amazon!B:B,"N/A") -> 142.59 | AF45: =IF(OR(AE45="N/A",$B45="N/A"),"N/A",AE45*$B45) -> N/A | AG45: =IF(OR(AF45="N/A",AF44="N/A"),"N/A",AF45/AF44-1) -> N/A | AH45: 4411.55 | AI45: N/A | AJ45: N/A
A46: 45244 | B46: =_xlfn.XLOOKUP(A46,'USD RUB'!B:B,'USD RUB'!C:C,"N/A") -> 92.1185 | C46: =IFERROR(EXP(_xlfn.XLOOKUP(A46,'Bonds (CP)'!$A$4:$A$513,'Work Sheet'!$B$3:$B$512)/252)-1,"N/A") -> 0.44796501 | D46: =IFERROR(_xlfn.XLOOKUP($A46,Intel!$A$2:$A$502,Intel!$B$2:$B$502),"N/A") -> 39.41 | E46: =IF(OR(D46="N/A", $B46="N/A"),"N/A",D46*$B46) -> 3630.3901 | F46: =IF(E45="N/A", "N/A", IF(OR(E46="N/A",E45="N/A"),"N/A",E46/E45-1)) -> N/A | G46: =IFERROR(_xlfn.XLOOKUP(A46,Apple!A:A,Apple!B:B),"N/A") -> 187.44 | H46: =IF(OR(G46="N/A", B46="N/A"),"N/A",G46*$B46) -> 17266.692 | I46: =IF(OR(H46="N/A",H45="N/A"), "N/A", H46/H45-1) -> N/A | J46: =IFERROR(_xlfn.XLOOKUP(A46,Microsoft!A:A,Microsoft!B:B),"N/A") -> 370.27 | K46: =IF(OR(J46="N/A",B46="N/A"),"N/A",J46*B46) -> 34108.717 | L46: =IF(OR(K46="N/A",K45="N/A"), "N/A", K46/K45-1) -> N/A | M46: =IFERROR(_xlfn.XLOOKUP($A46,Cisco!A:A,Cisco!B:B),"N/A") -> 53.17 | N46: =IF(OR(M46="N/A",$B46="N/A"),"N/A",M46*$B46) -> 4897.9406 | O46: =IF(OR(N46="N/A",N45="N/A"),"N/A",N46/N45-1) -> N/A | P46: =IFERROR(_xlfn.XLOOKUP($A46,Disney!A:A,Disney!B:B),"N/A") -> 91.07 | Q46: =IF(OR(P46="N/A",$B46="N/A"),"N/A",P46*$B46) -> 8389.2318 | R46: =IF(OR(Q46="N/A",Q45="N/A"),"N/A",Q46/Q45-1) -> N/A | S46: =_xlfn.XLOOKUP(A46,FedEx!A:A,FedEx!B:B,"N/A") -> 254.18 | T46: =IF(OR(S46="N/A",$B46="N/A"),"N/A",S46*$B46) -> 23414.68 | U46: =IF(OR(T46="N/A",T45="N/A"),"N/A",T46/T45-1) -> N/A | V46: =_xlfn.XLOOKUP($A46,'General Motors'!A:A,'General Motors'!B:B,"N/A") -> 28.2 | W46: =IF(OR(V46="N/A",$B46="N/A"),"N/A",V46*$B46) -> 2597.7417 | X46: =IF(OR(W46="N/A",W45="N/A"),"N/A",W46/W45-1) -> N/A | Y46: =_xlfn.XLOOKUP($A46,Chevron!A:A,Chevron!B:B,"N/A") -> 145.05 | Z46: =IF(OR(Y46="N/A",$B46="N/A"),"N/A",Y46*$B46) -> 13361.788 | AA46: =IF(OR(Z46="N/A",Z45="N/A"),"N/A",Z46/Z45-1) -> N/A | AB46: =_xlfn.XLOOKUP($A46,Boeing!A:A,Boeing!B:B,"N/A") -> 207.47 | AC46: =IF(OR(AB46="N/A",$B46="N/A"),"N/A",AB46*$B46) -> 19111.825 | AD46: =IF(OR(AC46="N/A",AC45="N/A"),"N/A",AC46/AC45-1) -> N/A | AE46: =_xlfn.XLOOKUP(A46,Amazon!A:A,Amazon!B:B,"N/A") -> 145.8 | AF46: =IF(OR(AE46="N/A",$B46="N/A"),"N/A",AE46*$B46) -> 13430.877 | AG46: =IF(OR(AF46="N/A",AF45="N/A"),"N/A",AF46/AF45-1) -> N/A | AH46: 947988 | AI46: 414137.14 | AJ46: N/A
A47: 45245 | B47: =_xlfn.XLOOKUP(A47,'USD RUB'!B:B,'USD RUB'!C:C,"N/A") -> 91.257 | C47: =IFERROR(EXP(_xlfn.XLOOKUP(A47,'Bonds (CP)'!$A$4:$A$513,'Work Sheet'!$B$3:$B$512)/252)-1,"N/A") -> 0.44734975 | D47: =IFERROR(_xlfn.XLOOKUP($A47,Intel!$A$2:$A$502,Intel!$B$2:$B$502),"N/A") -> 40.61 | E47: =IF(OR(D47="N/A", $B47="N/A"),"N/A",D47*$B47) -> 3705.9468 | F47: =IF(E46="N/A", "N/A", IF(OR(E47="N/A",E46="N/A"),"N/A",E47/E46-1)) -> 0.020812277 | G47: =IFERROR(_xlfn.XLOOKUP(A47,Apple!A:A,Apple!B:B),"N/A") -> 188.01 | H47: =IF(OR(G47="N/A", B47="N/A"),"N/A",G47*$B47) -> 17157.229 | I47: =IF(OR(H47="N/A",H46="N/A"), "N/A", H47/H46-1) -> -0.0063395509 | J47: =IFERROR(_xlfn.XLOOKUP(A47,Microsoft!A:A,Microsoft!B:B),"N/A") -> 369.67 | K47: =IF(OR(J47="N/A",B47="N/A"),"N/A",J47*B47) -> 33734.975 | L47: =IF(OR(K47="N/A",K46="N/A"), "N/A", K47/K46-1) -> -0.010957369 | M47: =IFERROR(_xlfn.XLOOKUP($A47,Cisco!A:A,Cisco!B:B),"N/A") -> 53.28 | N47: =IF(OR(M47="N/A",$B47="N/A"),"N/A",M47*$B47) -> 4862.173 | O47: =IF(OR(N47="N/A",N46="N/A"),"N/A",N47/N46-1) -> -0.0073025967 | P47: =IFERROR(_xlfn.XLOOKUP($A47,Disney!A:A,Disney!B:B),"N/A") -> 93.93 | Q47: =IF(OR(P47="N/A",$B47="N/A"),"N/A",P47*$B47) -> 8571.77 | R47: =IF(OR(Q47="N/A",Q46="N/A"),"N/A",Q47/Q46-1) -> 0.021758633 | S47: =_xlfn.XLOOKUP(A47,FedEx!A:A,FedEx!B:B,"N/A") -> 257.42 | T47: =IF(OR(S47="N/A",$B47="N/A"),"N/A",S47*$B47) -> 23491.377 | U47: =IF(OR(T47="N/A",T46="N/A"),"N/A",T47/T46-1) -> 0.0032755779 | V47: =_xlfn.XLOOKUP($A47,'General Motors'!A:A,'General Motors'!B:B,"N/A") -> 28.14 | W47: =IF(OR(V47="N/A",$B47="N/A"),"N/A",V47*$B47) -> 2567.972 | X47: =IF(OR(W47="N/A",W46="N/A"),"N/A",W47/W46-1) -> -0.011459846 | Y47: =_xlfn.XLOOKUP($A47,Chevron!A:A,Chevron!B:B,"N/A") -> 145.56 | Z47: =IF(OR(Y47="N/A",$B47="N/A"),"N/A",Y47*$B47) -> 13283.369 | AA47: =IF(OR(Z47="N/A",Z46="N/A"),"N/A",Z47/Z46-1) -> -0.0058689378 | AB47: =_xlfn.XLOOKUP($A47,Boeing!A:A,Boeing!B:B,"N/A") -> 208.71 | AC47: =IF(OR(AB47="N/A",$B47="N/A"),"N/A",AB47*$B47) -> 19046.248 | AD47: =IF(OR(AC47="N/A",AC46="N/A"),"N/A",AC47/AC46-1) -> -0.0034312121 | AE47: =_xlfn.XLOOKUP(A47,Amazon!A:A,Amazon!B:B,"N/A") -> 143.2 | AF47: =IF(OR(AE47="N/A",$B47="N/A"),"N/A",AE47*$B47) -> 13068.002 | AG47: =IF(OR(AF47="N/A",AF46="N/A"),"N/A",AF47/AF46-1) -> -0.02701796 | AH47: 4502.88 | AI47: 410919.32 | AJ47: -0.0077699
A48: 45246 | B48: =_xlfn.XLOOKUP(A48,'USD RUB'!B:B,'USD RUB'!C:C,"N/A") -> 89.4565 | C48: =IFERROR(EXP(_xlfn.XLOOKUP(A48,'Bonds (CP)'!$A$4:$A$513,'Work Sheet'!$B$3:$B$512)/252)-1,"N/A") -> 0.44655795 | D48: =IFERROR(_xlfn.XLOOKUP($A48,Intel!$A$2:$A$502,Intel!$B$2:$B$502),"N/A") -> 43.35 | E48: =IF(OR(D48="N/A", $B48="N/A"),"N/A",D48*$B48) -> 3877.9393 | F48: =IF(E47="N/A", "N/A", IF(OR(E48="N/A",E47="N/A"),"N/A",E48/E47-1)) -> 0.046409869 | G48: =IFERROR(_xlfn.XLOOKUP(A48,Apple!A:A,Apple!B:B),"N/A") -> 189.71 | H48: =IF(OR(G48="N/A", B48="N/A"),"N/A",G48*$B48) -> 16970.793 | I48: =IF(OR(H48="N/A",H47="N/A"), "N/A", H48/H47-1) -> -0.010866321 | J48: =IFERROR(_xlfn.XLOOKUP(A48,Microsoft!A:A,Microsoft!B:B),"N/A") -> 376.17 | K48: =IF(OR(J48="N/A",B48="N/A"),"N/A",J48*B48) -> 33650.852 | L48: =IF(OR(K48="N/A",K47="N/A"), "N/A", K48/K47-1) -> -0.0024936608 | M48: =IFERROR(_xlfn.XLOOKUP($A48,Cisco!A:A,Cisco!B:B),"N/A") -> 48.04 | N48: =IF(OR(M48="N/A",$B48="N/A"),"N/A",M48*$B48) -> 4297.4903 | O48: =IF(OR(N48="N/A",N47="N/A"),"N/A",N48/N47-1) -> -0.11613793 | P48: =IFERROR(_xlfn.XLOOKUP($A48,Disney!A:A,Disney!B:B),"N/A") -> 94.51 | Q48: =IF(OR(P48="N/A",$B48="N/A"),"N/A",P48*$B48) -> 8454.5338 | R48: =IF(OR(Q48="N/A",Q47="N/A"),"N/A",Q48/Q47-1) -> -0.013677011 | S48: =_xlfn.XLOOKUP(A48,FedEx!A:A,FedEx!B:B,"N/A") -> 254.94 | T48: =IF(OR(S48="N/A",$B48="N/A"),"N/A",S48*$B48) -> 22806.04 | U48: =IF(OR(T48="N/A",T47="N/A"),"N/A",T48/T47-1) -> -0.029173974 | V48: =_xlfn.XLOOKUP($A48,'General Motors'!A:A,'General Motors'!B:B,"N/A") -> 27.48 | W48: =IF(OR(V48="N/A",$B48="N/A"),"N/A",V48*$B48) -> 2458.2646 | X48: =IF(OR(W48="N/A",W47="N/A"),"N/A",W48/W47-1) -> -0.042721401 | Y48: =_xlfn.XLOOKUP($A48,Chevron!A:A,Chevron!B:B,"N/A") -> 141.77 | Z48: =IF(OR(Y48="N/A",$B48="N/A"),"N/A",Y48*$B48) -> 12682.248 | AA48: =IF(OR(Z48="N/A",Z47="N/A"),"N/A",Z48/Z47-1) -> -0.045253649 | AB48: =_xlfn.XLOOKUP($A48,Boeing!A:A,Boeing!B:B,"N/A") -> 206.6 | AC48: =IF(OR(AB48="N/A",$B48="N/A"),"N/A",AB48*$B48) -> 18481.713 | AD48: =IF(OR(AC48="N/A",AC47="N/A"),"N/A",AC48/AC47-1) -> -0.02964025 | AE48: =_xlfn.XLOOKUP(A48,Amazon!A:A,Amazon!B:B,"N/A") -> 142.83 | AF48: =IF(OR(AE48="N/A",$B48="N/A"),"N/A",AE48*$B48) -> 12777.072 | AG48: =IF(OR(AF48="N/A",AF47="N/A"),"N/A",AF48/AF47-1) -> -0.022262814 | AH48: 4508.24 | AI48: 403291.37 | AJ48: -0.0185631
A49: 45247 | B49: =_xlfn.XLOOKUP(A49,'USD RUB'!B:B,'USD RUB'!C:C,"N/A") -> 88.9466 | C49: =IFERROR(EXP(_xlfn.XLOOKUP(A49,'Bonds (CP)'!$A$4:$A$513,'Work Sheet'!$B$3:$B$512)/252)-1,"N/A") -> N/A | D49: =IFERROR(_xlfn.XLOOKUP($A49,Intel!$A$2:$A$502,Intel!$B$2:$B$502),"N/A") -> 43.81 | E49: =IF(OR(D49="N/A", $B49="N/A"),"N/A",D49*$B49) -> 3896.7505 | F49: =IF(E48="N/A", "N/A", IF(OR(E49="N/A",E48="N/A"),"N/A",E49/E48-1)) -> 0.0048508421 | G49: =IFERROR(_xlfn.XLOOKUP(A49,Apple!A:A,Apple!B:B),"N/A") -> 189.69 | H49: =IF(OR(G49="N/A", B49="N/A"),"N/A",G49*$B49) -> 16872.281 | I49: =IF(OR(H49="N/A",H48="N/A"), "N/A", H49/H48-1) -> -0.0058048002 | J49: =IFERROR(_xlfn.XLOOKUP(A49,Microsoft!A:A,Microsoft!B:B),"N/A") -> 369.85 | K49: =IF(OR(J49="N/A",B49="N/A"),"N/A",J49*B49) -> 32896.9 | L49: =IF(OR(K49="N/A",K48="N/A"), "N/A", K49/K48-1) -> -0.022405127 | M49: =IFERROR(_xlfn.XLOOKUP($A49,Cisco!A:A,Cisco!B:B),"N/A") -> 47.76 | N49: =IF(OR(M49="N/A",$B49="N/A"),"N/A",M49*$B49) -> 4248.0896 | O49: =IF(OR(N49="N/A",N48="N/A"),"N/A",N49/N48-1) -> -0.011495231 | P49: =IFERROR(_xlfn.XLOOKUP($A49,Disney!A:A,Disney!B:B),"N/A") -> 94.15 | Q49: =IF(OR(P49="N/A",$B49="N/A"),"N/A",P49*$B49) -> 8374.3224 | R49: =IF(OR(Q49="N/A",Q48="N/A"),"N/A",Q49/Q48-1) -> -0.0094873859 | S49: =_xlfn.XLOOKUP(A49,FedEx!A:A,FedEx!B:B,"N/A") -> 255.95 | T49: =IF(OR(S49="N/A",$B49="N/A"),"N/A",S49*$B49) -> 22765.882 | U49: =IF(OR(T49="N/A",T48="N/A"),"N/A",T49/T48-1) -> -0.0017608423 | V49: =_xlfn.XLOOKUP($A49,'General Motors'!A:A,'General Motors'!B:B,"N/A") -> 28.03 | W49: =IF(OR(V49="N/A",$B49="N/A"),"N/A",V49*$B49) -> 2493.1732 | X49: =IF(OR(W49="N/A",W48="N/A"),"N/A",W49/W48-1) -> 0.014200496 | Y49: =_xlfn.XLOOKUP($A49,Chevron!A:A,Chevron!B:B,"N/A") -> 144.46 | Z49: =IF(OR(Y49="N/A",$B49="N/A"),"N/A",Y49*$B49) -> 12849.226 | AA49: =IF(OR(Z49="N/A",Z48="N/A"),"N/A",Z49/Z48-1) -> 0.013166264 | AB49: =_xlfn.XLOOKUP($A49,Boeing!A:A,Boeing!B:B,"N/A") -> 208.04 | AC49: =IF(OR(AB49="N/A",$B49="N/A"),"N/A",AB49*$B49) -> 18504.451 | AD49: =IF(OR(AC49="N/A",AC48="N/A"),"N/A",AC49/AC48-1) -> 0.0012302845 | AE49: =_xlfn.XLOOKUP(A49,Amazon!A:A,Amazon!B:B,"N/A") -> 145.18 | AF49: =IF(OR(AE49="N/A",$B49="N/A"),"N/A",AE49*$B49) -> 12913.267 | AG49: =IF(OR(AF49="N/A",AF48="N/A"),"N/A",AF49/AF48-1) -> 0.010659367 | AH49: 954777 | AI49: 401506.73 | AJ49: -0.0044252
A50: 45248 | B50: =_xlfn.XLOOKUP(A50,'USD RUB'!B:B,'USD RUB'!C:C,"N/A") -> 89.1237 | C50: =IFERROR(EXP(_xlfn.XLOOKUP(A50,'Bonds (CP)'!$A$4:$A$513,'Work Sheet'!$B$3:$B$512)/252)-1,"N/A") -> N/A | D50: =IFERROR(_xlfn.XLOOKUP($A50,Intel!$A$2:$A$502,Intel!$B$2:$B$502),"N/A") -> N/A | E50: =IF(OR(D50="N/A", $B50="N/A"),"N/A",D50*$B50) -> N/A | F50: =IF(E49="N/A", "N/A", IF(OR(E50="N/A",E49="N/A"),"N/A",E50/E49-1)) -> N/A | G50: =IFERROR(_xlfn.XLOOKUP(A50,Apple!A:A,Apple!B:B),"N/A") -> N/A | H50: =IF(OR(G50="N/A", B50="N/A"),"N/A",G50*$B50) -> N/A | I50: =IF(OR(H50="N/A",H49="N/A"), "N/A", H50/H49-1) -> N/A | J50: =IFERROR(_xlfn.XLOOKUP(A50,Microsoft!A:A,Microsoft!B:B),"N/A") -> N/A | K50: =IF(OR(J50="N/A",B50="N/A"),"N/A",J50*B50) -> N/A | L50: =IF(OR(K50="N/A",K49="N/A"), "N/A", K50/K49-1) -> N/A | M50: =IFERROR(_xlfn.XLOOKUP($A50,Cisco!A:A,Cisco!B:B),"N/A") -> N/A | N50: =IF(OR(M50="N/A",$B50="N/A"),"N/A",M50*$B50) -> N/A | O50: =IF(OR(N50="N/A",N49="N/A"),"N/A",N50/N49-1) -> N/A | P50: =IFERROR(_xlfn.XLOOKUP($A50,Disney!A:A,Disney!B:B),"N/A") -> N/A | Q50: =IF(OR(P50="N/A",$B50="N/A"),"N/A",P50*$B50) -> N/A | R50: =IF(OR(Q50="N/A",Q49="N/A"),"N/A",Q50/Q49-1) -> N/A | S50: =_xlfn.XLOOKUP(A50,FedEx!A:A,FedEx!B:B,"N/A") -> N/A | T50: =IF(OR(S50="N/A",$B50="N/A"),"N/A",S50*$B50) -> N/A | U50: =IF(OR(T50="N/A",T49="N/A"),"N/A",T50/T49-1) -> N/A | V50: =_xlfn.XLOOKUP($A50,'General Motors'!A:A,'General Motors'!B:B,"N/A") -> N/A | W50: =IF(OR(V50="N/A",$B50="N/A"),"N/A",V50*$B50) -> N/A | X50: =IF(OR(W50="N/A",W49="N/A"),"N/A",W50/W49-1) -> N/A | Y50: =_xlfn.XLOOKUP($A50,Chevron!A:A,Chevron!B:B,"N/A") -> N/A | Z50: =IF(OR(Y50="N/A",$B50="N/A"),"N/A",Y50*$B50) -> N/A | AA50: =IF(OR(Z50="N/A",Z49="N/A"),"N/A",Z50/Z49-1) -> N/A | AB50: =_xlfn.XLOOKUP($A50,Boeing!A:A,Boeing!B:B,"N/A") -> N/A | AC50: =IF(OR(AB50="N/A",$B50="N/A"),"N/A",AB50*$B50) -> N/A | AD50: =IF(OR(AC50="N/A",AC49="N/A"),"N/A",AC50/AC49-1) -> N/A | AE50: =_xlfn.XLOOKUP(A50,Amazon!A:A,Amazon!B:B,"N/A") -> N/A | AF50: =IF(OR(AE50="N/A",$B50="N/A"),"N/A",AE50*$B50) -> N/A | AG50: =IF(OR(AF50="N/A",AF49="N/A"),"N/A",AF50/AF49-1) -> N/A | AH50: N/A | AI50: N/A | AJ50: N/A
A51: 45249 | B51: =_xlfn.XLOOKUP(A51,'USD RUB'!B:B,'USD RUB'!C:C,"N/A") -> N/A | C51: =IFERROR(EXP(_xlfn.XLOOKUP(A51,'Bonds (CP)'!$A$4:$A$513,'Work Sheet'!$B$3:$B$512)/252)-1,"N/A") -> N/A | D51: =IFERROR(_xlfn.XLOOKUP($A51,Intel!$A$2:$A$502,Intel!$B$2:$B$502),"N/A") -> N/A | E51: =IF(OR(D51="N/A", $B51="N/A"),"N/A",D51*$B51) -> N/A | F51: =IF(E50="N/A", "N/A", IF(OR(E51="N/A",E50="N/A"),"N/A",E51/E50-1)) -> N/A | G51: =IFERROR(_xlfn.XLOOKUP(A51,Apple!A:A,Apple!B:B),"N/A") -> N/A | H51: =IF(OR(G51="N/A", B51="N/A"),"N/A",G51*$B51) -> N/A | I51: =IF(OR(H51="N/A",H50="N/A"), "N/A", H51/H50-1) -> N/A | J51: =IFERROR(_xlfn.XLOOKUP(A51,Microsoft!A:A,Microsoft!B:B),"N/A") -> N/A | K51: =IF(OR(J51="N/A",B51="N/A"),"N/A",J51*B51) -> N/A | L51: =IF(OR(K51="N/A",K50="N/A"), "N/A", K51/K50-1) -> N/A | M51: =IFERROR(_xlfn.XLOOKUP($A51,Cisco!A:A,Cisco!B:B),"N/A") -> N/A | N51: =IF(OR(M51="N/A",$B51="N/A"),"N/A",M51*$B51) -> N/A | O51: =IF(OR(N51="N/A",N50="N/A"),"N/A",N51/N50-1) -> N/A | P51: =IFERROR(_xlfn.XLOOKUP($A51,Disney!A:A,Disney!B:B),"N/A") -> N/A | Q51: =IF(OR(P51="N/A",$B51="N/A"),"N/A",P51*$B51) -> N/A | R51: =IF(OR(Q51="N/A",Q50="N/A"),"N/A",Q51/Q50-1) -> N/A | S51: =_xlfn.XLOOKUP(A51,FedEx!A:A,FedEx!B:B,"N/A") -> N/A | T51: =IF(OR(S51="N/A",$B51="N/A"),"N/A",S51*$B51) -> N/A | U51: =IF(OR(T51="N/A",T50="N/A"),"N/A",T51/T50-1) -> N/A | V51: =_xlfn.XLOOKUP($A51,'General Motors'!A:A,'General Motors'!B:B,"N/A") -> N/A | W51: =IF(OR(V51="N/A",$B51="N/A"),"N/A",V51*$B51) -> N/A | X51: =IF(OR(W51="N/A",W50="N/A"),"N/A",W51/W50-1) -> N/A | Y51: =_xlfn.XLOOKUP($A51,Chevron!A:A,Chevron!B:B,"N/A") -> N/A | Z51: =IF(OR(Y51="N/A",$B51="N/A"),"N/A",Y51*$B51) -> N/A | AA51: =IF(OR(Z51="N/A",Z50="N/A"),"N/A",Z51/Z50-1) -> N/A | AB51: =_xlfn.XLOOKUP($A51,Boeing!A:A,Boeing!B:B,"N/A") -> N/A | AC51: =IF(OR(AB51="N/A",$B51="N/A"),"N/A",AB51*$B51) -> N/A | AD51: =IF(OR(AC51="N/A",AC50="N/A"),"N/A",AC51/AC50-1) -> N/A | AE51: =_xlfn.XLOOKUP(A51,Amazon!A:A,Amazon!B:B,"N/A") -> N/A | AF51: =IF(OR(AE51="N/A",$B51="N/A"),"N/A",AE51*$B51) -> N/A | AG51: =IF(OR(AF51="N/A",AF50="N/A"),"N/A",AF51/AF50-1) -> N/A | AH51: N/A | AI51: N/A | AJ51: N/A
A52: 45250 | B52: =_xlfn.XLOOKUP(A52,'USD RUB'!B:B,'USD RUB'!C:C,"N/A") -> N/A | C52: =IFERROR(EXP(_xlfn.XLOOKUP(A52,'Bonds (CP)'!$A$4:$A$513,'Work Sheet'!$B$3:$B$512)/252)-1,"N/A") -> N/A | D52: =IFERROR(_xlfn.XLOOKUP($A52,Intel!$A$2:$A$502,Intel!$B$2:$B$502),"N/A") -> 44.74 | E52: =IF(OR(D52="N/A", $B52="N/A"),"N/A",D52*$B52) -> N/A | F52: =IF(E51="N/A", "N/A", IF(OR(E52="N/A",E51="N/A"),"N/A",E52/E51-1)) -> N/A | G52: =IFERROR(_xlfn.XLOOKUP(A52,Apple!A:A,Apple!B:B),"N/A") -> 191.45 | H52: =IF(OR(G52="N/A", B52="N/A"),"N/A",G52*$B52) -> N/A | I52: =IF(OR(H52="N/A",H51="N/A"), "N/A", H52/H51-1) -> N/A | J52: =IFERROR(_xlfn.XLOOKUP(A52,Microsoft!A:A,Microsoft!B:B),"N/A") -> 377.44 | K52: =IF(OR(J52="N/A",B52="N/A"),"N/A",J52*B52) -> N/A | L52: =IF(OR(K52="N/A",K51="N/A"), "N/A", K52/K51-1) -> N/A | M52: =IFERROR(_xlfn.XLOOKUP($A52,Cisco!A:A,Cisco!B:B),"N/A") -> 48.27 | N52: =IF(OR(M52="N/A",$B52="N/A"),"N/A",M52*$B52) -> N/A | O52: =IF(OR(N52="N/A",N51="N/A"),"N/A",N52/N51-1) -> N/A | P52: =IFERROR(_xlfn.XLOOKUP($A52,Disney!A:A,Disney!B:B),"N/A") -> 95.03 | Q52: =IF(OR(P52="N/A",$B52="N/A"),"N/A",P52*$B52) -> N/A | R52: =IF(OR(Q52="N/A",Q51="N/A"),"N/A",Q52/Q51-1) -> N/A | S52: =_xlfn.XLOOKUP(A52,FedEx!A:A,FedEx!B:B,"N/A") -> 255.54 | T52: =IF(OR(S52="N/A",$B52="N/A"),"N/A",S52*$B52) -> N/A | U52: =IF(OR(T52="N/A",T51="N/A"),"N/A",T52/T51-1) -> N/A | V52: =_xlfn.XLOOKUP($A52,'General Motors'!A:A,'General Motors'!B:B,"N/A") -> 28.52 | W52: =IF(OR(V52="N/A",$B52="N/A"),"N/A",V52*$B52) -> N/A | X52: =IF(OR(W52="N/A",W51="N/A"),"N/A",W52/W51-1) -> N/A | Y52: =_xlfn.XLOOKUP($A52,Chevron!A:A,Chevron!B:B,"N/A") -> 144.38 | Z52: =IF(OR(Y52="N/A",$B52="N/A"),"N/A",Y52*$B52) -> N/A | AA52: =IF(OR(Z52="N/A",Z51="N/A"),"N/A",Z52/Z51-1) -> N/A | AB52: =_xlfn.XLOOKUP($A52,Boeing!A:A,Boeing!B:B,"N/A") -> 217.71 | AC52: =IF(OR(AB52="N/A",$B52="N/A"),"N/A",AB52*$B52) -> N/A | AD52: =IF(OR(AC52="N/A",AC51="N/A"),"N/A",AC52/AC51-1) -> N/A | AE52: =_xlfn.XLOOKUP(A52,Amazon!A:A,Amazon!B:B,"N/A") -> 146.13 | AF52: =IF(OR(AE52="N/A",$B52="N/A"),"N/A",AE52*$B52) -> N/A | AG52: =IF(OR(AF52="N/A",AF51="N/A"),"N/A",AF52/AF51-1) -> N/A | AH52: 4547.38 | AI52: N/A | AJ52: N/A
A53: 45251 | B53: =_xlfn.XLOOKUP(A53,'USD RUB'!B:B,'USD RUB'!C:C,"N/A") -> 88.4954 | C53: =IFERROR(EXP(_xlfn.XLOOKUP(A53,'Bonds (CP)'!$A$4:$A$513,'Work Sheet'!$B$3:$B$512)/252)-1,"N/A") -> N/A | D53: =IFERROR(_xlfn.XLOOKUP($A53,Intel!$A$2:$A$502,Intel!$B$2:$B$502),"N/A") -> 43.64 | E53: =IF(OR(D53="N/A", $B53="N/A"),"N/A",D53*$B53) -> 3861.9393 | F53: =IF(E52="N/A", "N/A", IF(OR(E53="N/A",E52="N/A"),"N/A",E53/E52-1)) -> N/A | G53: =IFERROR(_xlfn.XLOOKUP(A53,Apple!A:A,Apple!B:B),"N/A") -> 190.64 | H53: =IF(OR(G53="N/A", B53="N/A"),"N/A",G53*$B53) -> 16870.763 | I53: =IF(OR(H53="N/A",H52="N/A"), "N/A", H53/H52-1) -> N/A | J53: =IFERROR(_xlfn.XLOOKUP(A53,Microsoft!A:A,Microsoft!B:B),"N/A") -> 373.07 | K53: =IF(OR(J53="N/A",B53="N/A"),"N/A",J53*B53) -> 33014.979 | L53: =IF(OR(K53="N/A",K52="N/A"), "N/A", K53/K52-1) -> N/A | M53: =IFERROR(_xlfn.XLOOKUP($A53,Cisco!A:A,Cisco!B:B),"N/A") -> 47.8 | N53: =IF(OR(M53="N/A",$B53="N/A"),"N/A",M53*$B53) -> 4230.0801 | O53: =IF(OR(N53="N/A",N52="N/A"),"N/A",N53/N52-1) -> N/A | P53: =IFERROR(_xlfn.XLOOKUP($A53,Disney!A:A,Disney!B:B),"N/A") -> 94.45 | Q53: =IF(OR(P53="N/A",$B53="N/A"),"N/A",P53*$B53) -> 8358.3905 | R53: =IF(OR(Q53="N/A",Q52="N/A"),"N/A",Q53/Q52-1) -> N/A | S53: =_xlfn.XLOOKUP(A53,FedEx!A:A,FedEx!B:B,"N/A") -> 255.86 | T53: =IF(OR(S53="N/A",$B53="N/A"),"N/A",S53*$B53) -> 22642.433 | U53: =IF(OR(T53="N/A",T52="N/A"),"N/A",T53/T52-1) -> N/A | V53: =_xlfn.XLOOKUP($A53,'General Motors'!A:A,'General Motors'!B:B,"N/A") -> 27.9 | W53: =IF(OR(V53="N/A",$B53="N/A"),"N/A",V53*$B53) -> 2469.0217 | X53: =IF(OR(W53="N/A",W52="N/A"),"N/A",W53/W52-1) -> N/A | Y53: =_xlfn.XLOOKUP($A53,Chevron!A:A,Chevron!B:B,"N/A") -> 144.04 | Z53: =IF(OR(Y53="N/A",$B53="N/A"),"N/A",Y53*$B53) -> 12746.877 | AA53: =IF(OR(Z53="N/A",Z52="N/A"),"N/A",Z53/Z52-1) -> N/A | AB53: =_xlfn.XLOOKUP($A53,Boeing!A:A,Boeing!B:B,"N/A") -> 218.27 | AC53: =IF(OR(AB53="N/A",$B53="N/A"),"N/A",AB53*$B53) -> 19315.891 | AD53: =IF(OR(AC53="N/A",AC52="N/A"),"N/A",AC53/AC52-1) -> N/A | AE53: =_xlfn.XLOOKUP(A53,Amazon!A:A,Amazon!B:B,"N/A") -> 143.9 | AF53: =IF(OR(AE53="N/A",$B53="N/A"),"N/A",AE53*$B53) -> 12734.488 | AG53: =IF(OR(AF53="N/A",AF52="N/A"),"N/A",AF53/AF52-1) -> N/A | AH53: 4538.19 | AI53: 401608.94 | AJ53: N/A
A54: 45252 | B54: =_xlfn.XLOOKUP(A54,'USD RUB'!B:B,'USD RUB'!C:C,"N/A") -> 87.8701 | C54: =IFERROR(EXP(_xlfn.XLOOKUP(A54,'Bonds (CP)'!$A$4:$A$513,'Work Sheet'!$B$3:$B$512)/252)-1,"N/A") -> 0.44300333 | D54: =IFERROR(_xlfn.XLOOKUP($A54,Intel!$A$2:$A$502,Intel!$B$2:$B$502),"N/A") -> 43.67 | E54: =IF(OR(D54="N/A", $B54="N/A"),"N/A",D54*$B54) -> 3837.2873 | F54: =IF(E53="N/A", "N/A", IF(OR(E54="N/A",E53="N/A"),"N/A",E54/E53-1)) -> -0.0063833187 | G54: =IFERROR(_xlfn.XLOOKUP(A54,Apple!A:A,Apple!B:B),"N/A") -> 191.31 | H54: =IF(OR(G54="N/A", B54="N/A"),"N/A",G54*$B54) -> 16810.429 | I54: =IF(OR(H54="N/A",H53="N/A"), "N/A", H54/H53-1) -> -0.0035762594 | J54: =IFERROR(_xlfn.XLOOKUP(A54,Microsoft!A:A,Microsoft!B:B),"N/A") -> 377.85 | K54: =IF(OR(J54="N/A",B54="N/A"),"N/A",J54*B54) -> 33201.717 | L54: =IF(OR(K54="N/A",K53="N/A"), "N/A", K54/K53-1) -> 0.0056561722 | M54: =IFERROR(_xlfn.XLOOKUP($A54,Cisco!A:A,Cisco!B:B),"N/A") -> 48.08 | N54: =IF(OR(M54="N/A",$B54="N/A"),"N/A",M54*$B54) -> 4224.7944 | O54: =IF(OR(N54="N/A",N53="N/A"),"N/A",N54/N53-1) -> -0.0012495536 | P54: =IFERROR(_xlfn.XLOOKUP($A54,Disney!A:A,Disney!B:B),"N/A") -> 95.07 | Q54: =IF(OR(P54="N/A",$B54="N/A"),"N/A",P54*$B54) -> 8353.8104 | R54: =IF(OR(Q54="N/A",Q53="N/A"),"N/A",Q54/Q53-1) -> -0.0005479671 | S54: =_xlfn.XLOOKUP(A54,FedEx!A:A,FedEx!B:B,"N/A") -> 256.46 | T54: =IF(OR(S54="N/A",$B54="N/A"),"N/A",S54*$B54) -> 22535.166 | U54: =IF(OR(T54="N/A",T53="N/A"),"N/A",T54/T53-1) -> -0.0047374413 | V54: =_xlfn.XLOOKUP($A54,'General Motors'!A:A,'General Motors'!B:B,"N/A") -> 28.1 | W54: =IF(OR(V54="N/A",$B54="N/A"),"N/A",V54*$B54) -> 2469.1498 | X54: =IF(OR(W54="N/A",W53="N/A"),"N/A",W54/W53-1) -> 5.1903149e-05 | Y54: =_xlfn.XLOOKUP($A54,Chevron!A:A,Chevron!B:B,"N/A") -> 144.33 | Z54: =IF(OR(Y54="N/A",$B54="N/A"),"N/A",Y54*$B54) -> 12682.292 | AA54: =IF(OR(Z54="N/A",Z53="N/A"),"N/A",Z54/Z53-1) -> -0.0050668004 | AB54: =_xlfn.XLOOKUP($A54,Boeing!A:A,Boeing!B:B,"N/A") -> 219.91 | AC54: =IF(OR(AB54="N/A",$B54="N/A"),"N/A",AB54*$B54) -> 19323.514 | AD54: =IF(OR(AC54="N/A",AC53="N/A"),"N/A",AC54/AC53-1) -> 0.00039463533 | AE54: =_xlfn.XLOOKUP(A54,Amazon!A:A,Amazon!B:B,"N/A") -> 146.71 | AF54: =IF(OR(AE54="N/A",$B54="N/A"),"N/A",AE54*$B54) -> 12891.422 | AG54: =IF(OR(AF54="N/A",AF53="N/A"),"N/A",AF54/AF53-1) -> 0.012323567 | AH54: 4556.62 | AI54: 400390.66 | AJ54: -0.0030335
A55: 45253 | B55: =_xlfn.XLOOKUP(A55,'USD RUB'!B:B,'USD RUB'!C:C,"N/A") -> 88.1648 | C55: =IFERROR(EXP(_xlfn.XLOOKUP(A55,'Bonds (CP)'!$A$4:$A$513,'Work Sheet'!$B$3:$B$512)/252)-1,"N/A") -> 0.4417567 | D55: =IFERROR(_xlfn.XLOOKUP($A55,Intel!$A$2:$A$502,Intel!$B$2:$B$502),"N/A") -> N/A | E55: =IF(OR(D55="N/A", $B55="N/A"),"N/A",D55*$B55) -> N/A | F55: =IF(E54="N/A", "N/A", IF(OR(E55="N/A",E54="N/A"),"N/A",E55/E54-1)) -> N/A | G55: =IFERROR(_xlfn.XLOOKUP(A55,Apple!A:A,Apple!B:B),"N/A") -> N/A | H55: =IF(OR(G55="N/A", B55="N/A"),"N/A",G55*$B55) -> N/A | I55: =IF(OR(H55="N/A",H54="N/A"), "N/A", H55/H54-1) -> N/A | J55: =IFERROR(_xlfn.XLOOKUP(A55,Microsoft!A:A,Microsoft!B:B),"N/A") -> N/A | K55: =IF(OR(J55="N/A",B55="N/A"),"N/A",J55*B55) -> N/A | L55: =IF(OR(K55="N/A",K54="N/A"), "N/A", K55/K54-1) -> N/A | M55: =IFERROR(_xlfn.XLOOKUP($A55,Cisco!A:A,Cisco!B:B),"N/A") -> N/A | N55: =IF(OR(M55="N/A",$B55="N/A"),"N/A",M55*$B55) -> N/A | O55: =IF(OR(N55="N/A",N54="N/A"),"N/A",N55/N54-1) -> N/A | P55: =IFERROR(_xlfn.XLOOKUP($A55,Disney!A:A,Disney!B:B),"N/A") -> N/A | Q55: =IF(OR(P55="N/A",$B55="N/A"),"N/A",P55*$B55) -> N/A | R55: =IF(OR(Q55="N/A",Q54="N/A"),"N/A",Q55/Q54-1) -> N/A | S55: =_xlfn.XLOOKUP(A55,FedEx!A:A,FedEx!B:B,"N/A") -> N/A | T55: =IF(OR(S55="N/A",$B55="N/A"),"N/A",S55*$B55) -> N/A | U55: =IF(OR(T55="N/A",T54="N/A"),"N/A",T55/T54-1) -> N/A | V55: =_xlfn.XLOOKUP($A55,'General Motors'!A:A,'General Motors'!B:B,"N/A") -> N/A | W55: =IF(OR(V55="N/A",$B55="N/A"),"N/A",V55*$B55) -> N/A | X55: =IF(OR(W55="N/A",W54="N/A"),"N/A",W55/W54-1) -> N/A | Y55: =_xlfn.XLOOKUP($A55,Chevron!A:A,Chevron!B:B,"N/A") -> N/A | Z55: =IF(OR(Y55="N/A",$B55="N/A"),"N/A",Y55*$B55) -> N/A | AA55: =IF(OR(Z55="N/A",Z54="N/A"),"N/A",Z55/Z54-1) -> N/A | AB55: =_xlfn.XLOOKUP($A55,Boeing!A:A,Boeing!B:B,"N/A") -> N/A | AC55: =IF(OR(AB55="N/A",$B55="N/A"),"N/A",AB55*$B55) -> N/A | AD55: =IF(OR(AC55="N/A",AC54="N/A"),"N/A",AC55/AC54-1) -> N/A | AE55: =_xlfn.XLOOKUP(A55,Amazon!A:A,Amazon!B:B,"N/A") -> N/A | AF55: =IF(OR(AE55="N/A",$B55="N/A"),"N/A",AE55*$B55) -> N/A | AG55: =IF(OR(AF55="N/A",AF54="N/A"),"N/A",AF55/AF54-1) -> N/A | AH55: N/A | AI55: N/A | AJ55: N/A
A56: 45254 | B56: =_xlfn.XLOOKUP(A56,'USD RUB'!B:B,'USD RUB'!C:C,"N/A") -> 88.1206 | C56: =IFERROR(EXP(_xlfn.XLOOKUP(A56,'Bonds (CP)'!$A$4:$A$513,'Work Sheet'!$B$3:$B$512)/252)-1,"N/A") -> 0.44020879 | D56: =IFERROR(_xlfn.XLOOKUP($A56,Intel!$A$2:$A$502,Intel!$B$2:$B$502),"N/A") -> 43.96 | E56: =IF(OR(D56="N/A", $B56="N/A"),"N/A",D56*$B56) -> 3873.7816 | F56: =IF(E55="N/A", "N/A", IF(OR(E56="N/A",E55="N/A"),"N/A",E56/E55-1)) -> N/A | G56: =IFERROR(_xlfn.XLOOKUP(A56,Apple!A:A,Apple!B:B),"N/A") -> 189.97 | H56: =IF(OR(G56="N/A", B56="N/A"),"N/A",G56*$B56) -> 16740.27 | I56: =IF(OR(H56="N/A",H55="N/A"), "N/A", H56/H55-1) -> N/A | J56: =IFERROR(_xlfn.XLOOKUP(A56,Microsoft!A:A,Microsoft!B:B),"N/A") -> 377.43 | K56: =IF(OR(J56="N/A",B56="N/A"),"N/A",J56*B56) -> 33259.358 | L56: =IF(OR(K56="N/A",K55="N/A"), "N/A", K56/K55-1) -> N/A | M56: =IFERROR(_xlfn.XLOOKUP($A56,Cisco!A:A,Cisco!B:B),"N/A") -> 48.36 | N56: =IF(OR(M56="N/A",$B56="N/A"),"N/A",M56*$B56) -> 4261.5122 | O56: =IF(OR(N56="N/A",N55="N/A"),"N/A",N56/N55-1) -> N/A | P56: =IFERROR(_xlfn.XLOOKUP($A56,Disney!A:A,Disney!B:B),"N/A") -> 96.06 | Q56: =IF(OR(P56="N/A",$B56="N/A"),"N/A",P56*$B56) -> 8464.8648 | R56: =IF(OR(Q56="N/A",Q55="N/A"),"N/A",Q56/Q55-1) -> N/A | S56: =_xlfn.XLOOKUP(A56,FedEx!A:A,FedEx!B:B,"N/A") -> 257.61 | T56: =IF(OR(S56="N/A",$B56="N/A"),"N/A",S56*$B56) -> 22700.748 | U56: =IF(OR(T56="N/A",T55="N/A"),"N/A",T56/T55-1) -> N/A | V56: =_xlfn.XLOOKUP($A56,'General Motors'!A:A,'General Motors'!B:B,"N/A") -> 28.18 | W56: =IF(OR(V56="N/A",$B56="N/A"),"N/A",V56*$B56) -> 2483.2385 | X56: =IF(OR(W56="N/A",W55="N/A"),"N/A",W56/W55-1) -> N/A | Y56: =_xlfn.XLOOKUP($A56,Chevron!A:A,Chevron!B:B,"N/A") -> 144.9 | Z56: =IF(OR(Y56="N/A",$B56="N/A"),"N/A",Y56*$B56) -> 12768.675 | AA56: =IF(OR(Z56="N/A",Z55="N/A"),"N/A",Z56/Z55-1) -> N/A | AB56: =_xlfn.XLOOKUP($A56,Boeing!A:A,Boeing!B:B,"N/A") -> 220 | AC56: =IF(OR(AB56="N/A",$B56="N/A"),"N/A",AB56*$B56) -> 19386.532 | AD56: =IF(OR(AC56="N/A",AC55="N/A"),"N/A",AC56/AC55-1) -> N/A | AE56: =_xlfn.XLOOKUP(A56,Amazon!A:A,Amazon!B:B,"N/A") -> 146.74 | AF56: =IF(OR(AE56="N/A",$B56="N/A"),"N/A",AE56*$B56) -> 12930.817 | AG56: =IF(OR(AF56="N/A",AF55="N/A"),"N/A",AF56/AF55-1) -> N/A | AH56: 4559.34 | AI56: 401771.78 | AJ56: N/A
A57: 45255 | B57: =_xlfn.XLOOKUP(A57,'USD RUB'!B:B,'USD RUB'!C:C,"N/A") -> 88.8133 | C57: =IFERROR(EXP(_xlfn.XLOOKUP(A57,'Bonds (CP)'!$A$4:$A$513,'Work Sheet'!$B$3:$B$512)/252)-1,"N/A") -> N/A | D57: =IFERROR(_xlfn.XLOOKUP($A57,Intel!$A$2:$A$502,Intel!$B$2:$B$502),"N/A") -> N/A | E57: =IF(OR(D57="N/A", $B57="N/A"),"N/A",D57*$B57) -> N/A | F57: =IF(E56="N/A", "N/A", IF(OR(E57="N/A",E56="N/A"),"N/A",E57/E56-1)) -> N/A | G57: =IFERROR(_xlfn.XLOOKUP(A57,Apple!A:A,Apple!B:B),"N/A") -> N/A | H57: =IF(OR(G57="N/A", B57="N/A"),"N/A",G57*$B57) -> N/A | I57: =IF(OR(H57="N/A",H56="N/A"), "N/A", H57/H56-1) -> N/A | J57: =IFERROR(_xlfn.XLOOKUP(A57,Microsoft!A:A,Microsoft!B:B),"N/A") -> N/A | K57: =IF(OR(J57="N/A",B57="N/A"),"N/A",J57*B57) -> N/A | L57: =IF(OR(K57="N/A",K56="N/A"), "N/A", K57/K56-1) -> N/A | M57: =IFERROR(_xlfn.XLOOKUP($A57,Cisco!A:A,Cisco!B:B),"N/A") -> N/A | N57: =IF(OR(M57="N/A",$B57="N/A"),"N/A",M57*$B57) -> N/A | O57: =IF(OR(N57="N/A",N56="N/A"),"N/A",N57/N56-1) -> N/A | P57: =IFERROR(_xlfn.XLOOKUP($A57,Disney!A:A,Disney!B:B),"N/A") -> N/A | Q57: =IF(OR(P57="N/A",$B57="N/A"),"N/A",P57*$B57) -> N/A | R57: =IF(OR(Q57="N/A",Q56="N/A"),"N/A",Q57/Q56-1) -> N/A | S57: =_xlfn.XLOOKUP(A57,FedEx!A:A,FedEx!B:B,"N/A") -> N/A | T57: =IF(OR(S57="N/A",$B57="N/A"),"N/A",S57*$B57) -> N/A | U57: =IF(OR(T57="N/A",T56="N/A"),"N/A",T57/T56-1) -> N/A | V57: =_xlfn.XLOOKUP($A57,'General Motors'!A:A,'General Motors'!B:B,"N/A") -> N/A | W57: =IF(OR(V57="N/A",$B57="N/A"),"N/A",V57*$B57) -> N/A | X57: =IF(OR(W57="N/A",W56="N/A"),"N/A",W57/W56-1) -> N/A | Y57: =_xlfn.XLOOKUP($A57,Chevron!A:A,Chevron!B:B,"N/A") -> N/A | Z57: =IF(OR(Y57="N/A",$B57="N/A"),"N/A",Y57*$B57) -> N/A | AA57: =IF(OR(Z57="N/A",Z56="N/A"),"N/A",Z57/Z56-1) -> N/A | AB57: =_xlfn.XLOOKUP($A57,Boeing!A:A,Boeing!B:B,"N/A") -> N/A | AC57: =IF(OR(AB57="N/A",$B57="N/A"),"N/A",AB57*$B57) -> N/A | AD57: =IF(OR(AC57="N/A",AC56="N/A"),"N/A",AC57/AC56-1) -> N/A | AE57: =_xlfn.XLOOKUP(A57,Amazon!A:A,Amazon!B:B,"N/A") -> N/A | AF57: =IF(OR(AE57="N/A",$B57="N/A"),"N/A",AE57*$B57) -> N/A | AG57: =IF(OR(AF57="N/A",AF56="N/A"),"N/A",AF57/AF56-1) -> N/A | AH57: N/A | AI57: N/A | AJ57: N/A
A58: 45256 | B58: =_xlfn.XLOOKUP(A58,'USD RUB'!B:B,'USD RUB'!C:C,"N/A") -> N/A | C58: =IFERROR(EXP(_xlfn.XLOOKUP(A58,'Bonds (CP)'!$A$4:$A$513,'Work Sheet'!$B$3:$B$512)/252)-1,"N/A") -> N/A | D58: =IFERROR(_xlfn.XLOOKUP($A58,Intel!$A$2:$A$502,Intel!$B$2:$B$502),"N/A") -> N/A | E58: =IF(OR(D58="N/A", $B58="N/A"),"N/A",D58*$B58) -> N/A | F58: =IF(E57="N/A", "N/A", IF(OR(E58="N/A",E57="N/A"),"N/A",E58/E57-1)) -> N/A | G58: =IFERROR(_xlfn.XLOOKUP(A58,Apple!A:A,Apple!B:B),"N/A") -> N/A | H58: =IF(OR(G58="N/A", B58="N/A"),"N/A",G58*$B58) -> N/A | I58: =IF(OR(H58="N/A",H57="N/A"), "N/A", H58/H57-1) -> N/A | J58: =IFERROR(_xlfn.XLOOKUP(A58,Microsoft!A:A,Microsoft!B:B),"N/A") -> N/A | K58: =IF(OR(J58="N/A",B58="N/A"),"N/A",J58*B58) -> N/A | L58: =IF(OR(K58="N/A",K57="N/A"), "N/A", K58/K57-1) -> N/A | M58: =IFERROR(_xlfn.XLOOKUP($A58,Cisco!A:A,Cisco!B:B),"N/A") -> N/A | N58: =IF(OR(M58="N/A",$B58="N/A"),"N/A",M58*$B58) -> N/A | O58: =IF(OR(N58="N/A",N57="N/A"),"N/A",N58/N57-1) -> N/A | P58: =IFERROR(_xlfn.XLOOKUP($A58,Disney!A:A,Disney!B:B),"N/A") -> N/A | Q58: =IF(OR(P58="N/A",$B58="N/A"),"N/A",P58*$B58) -> N/A | R58: =IF(OR(Q58="N/A",Q57="N/A"),"N/A",Q58/Q57-1) -> N/A | S58: =_xlfn.XLOOKUP(A58,FedEx!A:A,FedEx!B:B,"N/A") -> N/A | T58: =IF(OR(S58="N/A",$B58="N/A"),"N/A",S58*$B58) -> N/A | U58: =IF(OR(T58="N/A",T57="N/A"),"N/A",T58/T57-1) -> N/A | V58: =_xlfn.XLOOKUP($A58,'General Motors'!A:A,'General Motors'!B:B,"N/A") -> N/A | W58: =IF(OR(V58="N/A",$B58="N/A"),"N/A",V58*$B58) -> N/A | X58: =IF(OR(W58="N/A",W57="N/A"),"N/A",W58/W57-1) -> N/A | Y58: =_xlfn.XLOOKUP($A58,Chevron!A:A,Chevron!B:B,"N/A") -> N/A | Z58: =IF(OR(Y58="N/A",$B58="N/A"),"N/A",Y58*$B58) -> N/A | AA58: =IF(OR(Z58="N/A",Z57="N/A"),"N/A",Z58/Z57-1) -> N/A | AB58: =_xlfn.XLOOKUP($A58,Boeing!A:A,Boeing!B:B,"N/A") -> N/A | AC58: =IF(OR(AB58="N/A",$B58="N/A"),"N/A",AB58*$B58) -> N/A | AD58: =IF(OR(AC58="N/A",AC57="N/A"),"N/A",AC58/AC57-1) -> N/A | AE58: =_xlfn.XLOOKUP(A58,Amazon!A:A,Amazon!B:B,"N/A") -> N/A | AF58: =IF(OR(AE58="N/A",$B58="N/A"),"N/A",AE58*$B58) -> N/A | AG58: =IF(OR(AF58="N/A",AF57="N/A"),"N/A",AF58/AF57-1) -> N/A | AH58: N/A | AI58: N/A | AJ58: N/A
A59: 45257 | B59: =_xlfn.XLOOKUP(A59,'USD RUB'!B:B,'USD RUB'!C:C,"N/A") -> N/A | C59: =IFERROR(EXP(_xlfn.XLOOKUP(A59,'Bonds (CP)'!$A$4:$A$513,'Work Sheet'!$B$3:$B$512)/252)-1,"N/A") -> 0.44093422 | D59: =IFERROR(_xlfn.XLOOKUP($A59,Intel!$A$2:$A$502,Intel!$B$2:$B$502),"N/A") -> 44.08 | E59: =IF(OR(D59="N/A", $B59="N/A"),"N/A",D59*$B59) -> N/A | F59: =IF(E58="N/A", "N/A", IF(OR(E59="N/A",E58="N/A"),"N/A",E59/E58-1)) -> N/A | G59: =IFERROR(_xlfn.XLOOKUP(A59,Apple!A:A,Apple!B:B),"N/A") -> 189.79 | H59: =IF(OR(G59="N/A", B59="N/A"),"N/A",G59*$B59) -> N/A | I59: =IF(OR(H59="N/A",H58="N/A"), "N/A", H59/H58-1) -> N/A | J59: =IFERROR(_xlfn.XLOOKUP(A59,Microsoft!A:A,Microsoft!B:B),"N/A") -> 378.61 | K59: =IF(OR(J59="N/A",B59="N/A"),"N/A",J59*B59) -> N/A | L59: =IF(OR(K59="N/A",K58="N/A"), "N/A", K59/K58-1) -> N/A | M59: =IFERROR(_xlfn.XLOOKUP($A59,Cisco!A:A,Cisco!B:B),"N/A") -> 47.93 | N59: =IF(OR(M59="N/A",$B59="N/A"),"N/A",M59*$B59) -> N/A | O59: =IF(OR(N59="N/A",N58="N/A"),"N/A",N59/N58-1) -> N/A | P59: =IFERROR(_xlfn.XLOOKUP($A59,Disney!A:A,Disney!B:B),"N/A") -> 95.17 | Q59: =IF(OR(P59="N/A",$B59="N/A"),"N/A",P59*$B59) -> N/A | R59: =IF(OR(Q59="N/A",Q58="N/A"),"N/A",Q59/Q58-1) -> N/A | S59: =_xlfn.XLOOKUP(A59,FedEx!A:A,FedEx!B:B,"N/A") -> 253.6 | T59: =IF(OR(S59="N/A",$B59="N/A"),"N/A",S59*$B59) -> N/A | U59: =IF(OR(T59="N/A",T58="N/A"),"N/A",T59/T58-1) -> N/A | V59: =_xlfn.XLOOKUP($A59,'General Motors'!A:A,'General Motors'!B:B,"N/A") -> 28.5 | W59: =IF(OR(V59="N/A",$B59="N/A"),"N/A",V59*$B59) -> N/A | X59: =IF(OR(W59="N/A",W58="N/A"),"N/A",W59/W58-1) -> N/A | Y59: =_xlfn.XLOOKUP($A59,Chevron!A:A,Chevron!B:B,"N/A") -> 144.36 | Z59: =IF(OR(Y59="N/A",$B59="N/A"),"N/A",Y59*$B59) -> N/A | AA59: =IF(OR(Z59="N/A",Z58="N/A"),"N/A",Z59/Z58-1) -> N/A | AB59: =_xlfn.XLOOKUP($A59,Boeing!A:A,Boeing!B:B,"N/A") -> 219.3 | AC59: =IF(OR(AB59="N/A",$B59="N/A"),"N/A",AB59*$B59) -> N/A | AD59: =IF(OR(AC59="N/A",AC58="N/A"),"N/A",AC59/AC58-1) -> N/A | AE59: =_xlfn.XLOOKUP(A59,Amazon!A:A,Amazon!B:B,"N/A") -> 147.73 | AF59: =IF(OR(AE59="N/A",$B59="N/A"),"N/A",AE59*$B59) -> N/A | AG59: =IF(OR(AF59="N/A",AF58="N/A"),"N/A",AF59/AF58-1) -> N/A | AH59: 4550.43 | AI59: N/A | AJ59: N/A
A60: 45258 | B60: =_xlfn.XLOOKUP(A60,'USD RUB'!B:B,'USD RUB'!C:C,"N/A") -> 88.7045 | C60: =IFERROR(EXP(_xlfn.XLOOKUP(A60,'Bonds (CP)'!$A$4:$A$513,'Work Sheet'!$B$3:$B$512)/252)-1,"N/A") -> N/A | D60: =IFERROR(_xlfn.XLOOKUP($A60,Intel!$A$2:$A$502,Intel!$B$2:$B$502),"N/A") -> 44.23 | E60: =IF(OR(D60="N/A", $B60="N/A"),"N/A",D60*$B60) -> 3923.4 | F60: =IF(E59="N/A", "N/A", IF(OR(E60="N/A",E59="N/A"),"N/A",E60/E59-1)) -> N/A | G60: =IFERROR(_xlfn.XLOOKUP(A60,Apple!A:A,Apple!B:B),"N/A") -> 190.4 | H60: =IF(OR(G60="N/A", B60="N/A"),"N/A",G60*$B60) -> 16889.337 | I60: =IF(OR(H60="N/A",H59="N/A"), "N/A", H60/H59-1) -> N/A | J60: =IFERROR(_xlfn.XLOOKUP(A60,Microsoft!A:A,Microsoft!B:B),"N/A") -> 382.7 | K60: =IF(OR(J60="N/A",B60="N/A"),"N/A",J60*B60) -> 33947.212 | L60: =IF(OR(K60="N/A",K59="N/A"), "N/A", K60/K59-1) -> N/A | M60: =IFERROR(_xlfn.XLOOKUP($A60,Cisco!A:A,Cisco!B:B),"N/A") -> 47.85 | N60: =IF(OR(M60="N/A",$B60="N/A"),"N/A",M60*$B60) -> 4244.5103 | O60: =IF(OR(N60="N/A",N59="N/A"),"N/A",N60/N59-1) -> N/A | P60: =IFERROR(_xlfn.XLOOKUP($A60,Disney!A:A,Disney!B:B),"N/A") -> 92.5 | Q60: =IF(OR(P60="N/A",$B60="N/A"),"N/A",P60*$B60) -> 8205.1663 | R60: =IF(OR(Q60="N/A",Q59="N/A"),"N/A",Q60/Q59-1) -> N/A | S60: =_xlfn.XLOOKUP(A60,FedEx!A:A,FedEx!B:B,"N/A") -> 253.41 | T60: =IF(OR(S60="N/A",$B60="N/A"),"N/A",S60*$B60) -> 22478.607 | U60: =IF(OR(T60="N/A",T59="N/A"),"N/A",T60/T59-1) -> N/A | V60: =_xlfn.XLOOKUP($A60,'General Motors'!A:A,'General Motors'!B:B,"N/A") -> 28.89 | W60: =IF(OR(V60="N/A",$B60="N/A"),"N/A",V60*$B60) -> 2562.673 | X60: =IF(OR(W60="N/A",W59="N/A"),"N/A",W60/W59-1) -> N/A | Y60: =_xlfn.XLOOKUP($A60,Chevron!A:A,Chevron!B:B,"N/A") -> 145.51 | Z60: =IF(OR(Y60="N/A",$B60="N/A"),"N/A",Y60*$B60) -> 12907.392 | AA60: =IF(OR(Z60="N/A",Z59="N/A"),"N/A",Z60/Z59-1) -> N/A | AB60: =_xlfn.XLOOKUP($A60,Boeing!A:A,Boeing!B:B,"N/A") -> 222.37 | AC60: =IF(OR(AB60="N/A",$B60="N/A"),"N/A",AB60*$B60) -> 19725.22 | AD60: =IF(OR(AC60="N/A",AC59="N/A"),"N/A",AC60/AC59-1) -> N/A | AE60: =_xlfn.XLOOKUP(A60,Amazon!A:A,Amazon!B:B,"N/A") -> 147.03 | AF60: =IF(OR(AE60="N/A",$B60="N/A"),"N/A",AE60*$B60) -> 13042.223 | AG60: =IF(OR(AF60="N/A",AF59="N/A"),"N/A",AF60/AF59-1) -> N/A | AH60: 4554.89 | AI60: 404039.24 | AJ60: N/A
A61: 45259 | B61: =_xlfn.XLOOKUP(A61,'USD RUB'!B:B,'USD RUB'!C:C,"N/A") -> 88.6102 | C61: =IFERROR(EXP(_xlfn.XLOOKUP(A61,'Bonds (CP)'!$A$4:$A$513,'Work Sheet'!$B$3:$B$512)/252)-1,"N/A") -> N/A | D61: =IFERROR(_xlfn.XLOOKUP($A61,Intel!$A$2:$A$502,Intel!$B$2:$B$502),"N/A") -> 44.94 | E61: =IF(OR(D61="N/A", $B61="N/A"),"N/A",D61*$B61) -> 3982.1424 | F61: =IF(E60="N/A", "N/A", IF(OR(E61="N/A",E60="N/A"),"N/A",E61/E60-1)) -> 0.014972308 | G61: =IFERROR(_xlfn.XLOOKUP(A61,Apple!A:A,Apple!B:B),"N/A") -> 189.37 | H61: =IF(OR(G61="N/A", B61="N/A"),"N/A",G61*$B61) -> 16780.114 | I61: =IF(OR(H61="N/A",H60="N/A"), "N/A", H61/H60-1) -> -0.0064669932 | J61: =IFERROR(_xlfn.XLOOKUP(A61,Microsoft!A:A,Microsoft!B:B),"N/A") -> 378.85 | K61: =IF(OR(J61="N/A",B61="N/A"),"N/A",J61*B61) -> 33569.974 | L61: =IF(OR(K61="N/A",K60="N/A"), "N/A", K61/K60-1) -> -0.011112485 | M61: =IFERROR(_xlfn.XLOOKUP($A61,Cisco!A:A,Cisco!B:B),"N/A") -> 48.05 | N61: =IF(OR(M61="N/A",$B61="N/A"),"N/A",M61*$B61) -> 4257.7201 | O61: =IF(OR(N61="N/A",N60="N/A"),"N/A",N61/N60-1) -> 0.0031122047 | P61: =IFERROR(_xlfn.XLOOKUP($A61,Disney!A:A,Disney!B:B),"N/A") -> 92.5 | Q61: =IF(OR(P61="N/A",$B61="N/A"),"N/A",P61*$B61) -> 8196.4435 | R61: =IF(OR(Q61="N/A",Q60="N/A"),"N/A",Q61/Q60-1) -> -0.0010630802 | S61: =_xlfn.XLOOKUP(A61,FedEx!A:A,FedEx!B:B,"N/A") -> 253.93 | T61: =IF(OR(S61="N/A",$B61="N/A"),"N/A",S61*$B61) -> 22500.788 | U61: =IF(OR(T61="N/A",T60="N/A"),"N/A",T61/T60-1) -> 0.0009867489 | V61: =_xlfn.XLOOKUP($A61,'General Motors'!A:A,'General Motors'!B:B,"N/A") -> 31.6 | W61: =IF(OR(V61="N/A",$B61="N/A"),"N/A",V61*$B61) -> 2800.0823 | X61: =IF(OR(W61="N/A",W60="N/A"),"N/A",W61/W60-1) -> 0.092641283 | Y61: =_xlfn.XLOOKUP($A61,Chevron!A:A,Chevron!B:B,"N/A") -> 143.91 | Z61: =IF(OR(Y61="N/A",$B61="N/A"),"N/A",Y61*$B61) -> 12751.894 | AA61: =IF(OR(Z61="N/A",Z60="N/A"),"N/A",Z61/Z60-1) -> -0.012047199 | AB61: =_xlfn.XLOOKUP($A61,Boeing!A:A,Boeing!B:B,"N/A") -> 224.43 | AC61: =IF(OR(AB61="N/A",$B61="N/A"),"N/A",AB61*$B61) -> 19886.787 | AD61: =IF(OR(AC61="N/A",AC60="N/A"),"N/A",AC61/AC60-1) -> 0.0081909111 | AE61: =_xlfn.XLOOKUP(A61,Amazon!A:A,Amazon!B:B,"N/A") -> 146.32 | AF61: =IF(OR(AE61="N/A",$B61="N/A"),"N/A",AE61*$B61) -> 12965.444 | AG61: =IF(OR(AF61="N/A",AF60="N/A"),"N/A",AF61/AF60-1) -> -0.0058868931 | AH61: 4550.58 | AI61: 403227.8 | AJ61: -0.0020083
A62: 45260 | B62: =_xlfn.XLOOKUP(A62,'USD RUB'!B:B,'USD RUB'!C:C,"N/A") -> 88.8841 | C62: =IFERROR(EXP(_xlfn.XLOOKUP(A62,'Bonds (CP)'!$A$4:$A$513,'Work Sheet'!$B$3:$B$512)/252)-1,"N/A") -> 0.44130594 | D62: =IFERROR(_xlfn.XLOOKUP($A62,Intel!$A$2:$A$502,Intel!$B$2:$B$502),"N/A") -> 44.7 | E62: =IF(OR(D62="N/A", $B62="N/A"),"N/A",D62*$B62) -> 3973.1193 | F62: =IF(E61="N/A", "N/A", IF(OR(E62="N/A",E61="N/A"),"N/A",E62/E61-1)) -> -0.0022658954 | G62: =IFERROR(_xlfn.XLOOKUP(A62,Apple!A:A,Apple!B:B),"N/A") -> 189.95 | H62: =IF(OR(G62="N/A", B62="N/A"),"N/A",G62*$B62) -> 16883.535 | I62: =IF(OR(H62="N/A",H61="N/A"), "N/A", H62/H61-1) -> 0.0061633207 | J62: =IFERROR(_xlfn.XLOOKUP(A62,Microsoft!A:A,Microsoft!B:B),"N/A") -> 378.91 | K62: =IF(OR(J62="N/A",B62="N/A"),"N/A",J62*B62) -> 33679.074 | L62: =IF(OR(K62="N/A",K61="N/A"), "N/A", K62/K61-1) -> 0.0032499298 | M62: =IFERROR(_xlfn.XLOOKUP($A62,Cisco!A:A,Cisco!B:B),"N/A") -> 48.38 | N62: =IF(OR(M62="N/A",$B62="N/A"),"N/A",M62*$B62) -> 4300.2128 | O62: =IF(OR(N62="N/A",N61="N/A"),"N/A",N62/N61-1) -> 0.0099801412 | P62: =IFERROR(_xlfn.XLOOKUP($A62,Disney!A:A,Disney!B:B),"N/A") -> 92.69 | Q62: =IF(OR(P62="N/A",$B62="N/A"),"N/A",P62*$B62) -> 8238.6672 | R62: =IF(OR(Q62="N/A",Q61="N/A"),"N/A",Q62/Q61-1) -> 0.0051514695 | S62: =_xlfn.XLOOKUP(A62,FedEx!A:A,FedEx!B:B,"N/A") -> 258.83 | T62: =IF(OR(S62="N/A",$B62="N/A"),"N/A",S62*$B62) -> 23005.872 | U62: =IF(OR(T62="N/A",T61="N/A"),"N/A",T62/T61-1) -> 0.02244737 | V62: =_xlfn.XLOOKUP($A62,'General Motors'!A:A,'General Motors'!B:B,"N/A") -> 31.6 | W62: =IF(OR(V62="N/A",$B62="N/A"),"N/A",V62*$B62) -> 2808.7376 | X62: =IF(OR(W62="N/A",W61="N/A"),"N/A",W62/W61-1) -> 0.0030910663 | Y62: =_xlfn.XLOOKUP($A62,Chevron!A:A,Chevron!B:B,"N/A") -> 143.6 | Z62: =IF(OR(Y62="N/A",$B62="N/A"),"N/A",Y62*$B62) -> 12763.757 | AA62: =IF(OR(Z62="N/A",Z61="N/A"),"N/A",Z62/Z61-1) -> 0.00093028362 | AB62: =_xlfn.XLOOKUP($A62,Boeing!A:A,Boeing!B:B,"N/A") -> 231.63 | AC62: =IF(OR(AB62="N/A",$B62="N/A"),"N/A",AB62*$B62) -> 20588.224 | AD62: =IF(OR(AC62="N/A",AC61="N/A"),"N/A",AC62/AC61-1) -> 0.035271504 | AE62: =_xlfn.XLOOKUP(A62,Amazon!A:A,Amazon!B:B,"N/A") -> 146.09 | AF62: =IF(OR(AE62="N/A",$B62="N/A"),"N/A",AE62*$B62) -> 12985.078 | AG62: =IF(OR(AF62="N/A",AF61="N/A"),"N/A",AF62/AF61-1) -> 0.0015143102 | AH62: 974316 | AI62: 406004.79 | AJ62: 0.0068869
A63: 45261 | B63: =_xlfn.XLOOKUP(A63,'USD RUB'!B:B,'USD RUB'!C:C,"N/A") -> 88.5819 | C63: =IFERROR(EXP(_xlfn.XLOOKUP(A63,'Bonds (CP)'!$A$4:$A$513,'Work Sheet'!$B$3:$B$512)/252)-1,"N/A") -> 0.43638703 | D63: =IFERROR(_xlfn.XLOOKUP($A63,Intel!$A$2:$A$502,Intel!$B$2:$B$502),"N/A") -> 43.74 | E63: =IF(OR(D63="N/A", $B63="N/A"),"N/A",D63*$B63) -> 3874.5723 | F63: =IF(E62="N/A", "N/A", IF(OR(E63="N/A",E62="N/A"),"N/A",E63/E62-1)) -> -0.024803425 | G63: =IFERROR(_xlfn.XLOOKUP(A63,Apple!A:A,Apple!B:B),"N/A") -> 191.24 | H63: =IF(OR(G63="N/A", B63="N/A"),"N/A",G63*$B63) -> 16940.403 | I63: =IF(OR(H63="N/A",H62="N/A"), "N/A", H63/H62-1) -> 0.0033682379 | J63: =IFERROR(_xlfn.XLOOKUP(A63,Microsoft!A:A,Microsoft!B:B),"N/A") -> 374.51 | K63: =IF(OR(J63="N/A",B63="N/A"),"N/A",J63*B63) -> 33174.807 | L63: =IF(OR(K63="N/A",K62="N/A"), "N/A", K63/K62-1) -> -0.014972708 | M63: =IFERROR(_xlfn.XLOOKUP($A63,Cisco!A:A,Cisco!B:B),"N/A") -> 48.47 | N63: =IF(OR(M63="N/A",$B63="N/A"),"N/A",M63*$B63) -> 4293.5647 | O63: =IF(OR(N63="N/A",N62="N/A"),"N/A",N63/N62-1) -> -0.0015459851 | P63: =IFERROR(_xlfn.XLOOKUP($A63,Disney!A:A,Disney!B:B),"N/A") -> 92.58 | Q63: =IF(OR(P63="N/A",$B63="N/A"),"N/A",P63*$B63) -> 8200.9123 | R63: =IF(OR(Q63="N/A",Q62="N/A"),"N/A",Q63/Q62-1) -> -0.0045826498 | S63: =_xlfn.XLOOKUP(A63,FedEx!A:A,FedEx!B:B,"N/A") -> 264.42 | T63: =IF(OR(S63="N/A",$B63="N/A"),"N/A",S63*$B63) -> 23422.826 | U63: =IF(OR(T63="N/A",T62="N/A"),"N/A",T63/T62-1) -> 0.018123825 | V63: =_xlfn.XLOOKUP($A63,'General Motors'!A:A,'General Motors'!B:B,"N/A") -> 32.36 | W63: =IF(OR(V63="N/A",$B63="N/A"),"N/A",V63*$B63) -> 2866.5103 | X63: =IF(OR(W63="N/A",W62="N/A"),"N/A",W63/W62-1) -> 0.020568929 | Y63: =_xlfn.XLOOKUP($A63,Chevron!A:A,Chevron!B:B,"N/A") -> 144.81 | Z63: =IF(OR(Y63="N/A",$B63="N/A"),"N/A",Y63*$B63) -> 12827.545 | AA63: =IF(OR(Z63="N/A",Z62="N/A"),"N/A",Z63/Z62-1) -> 0.0049976022 | AB63: =_xlfn.XLOOKUP($A63,Boeing!A:A,Boeing!B:B,"N/A") -> 233.87 | AC63: =IF(OR(AB63="N/A",$B63="N/A"),"N/A",AB63*$B63) -> 20716.649 | AD63: =IF(OR(AC63="N/A",AC62="N/A"),"N/A",AC63/AC62-1) -> 0.0062377828 | AE63: =_xlfn.XLOOKUP(A63,Amazon!A:A,Amazon!B:B,"N/A") -> 147.03 | AF63: =IF(OR(AE63="N/A",$B63="N/A"),"N/A",AE63*$B63) -> 13024.197 | AG63: =IF(OR(AF63="N/A",AF62="N/A"),"N/A",AF63/AF62-1) -> 0.0030125801 | AH63: 4594.63 | AI63: 407001.06 | AJ63: 0.00245382
A64: 45262 | B64: =_xlfn.XLOOKUP(A64,'USD RUB'!B:B,'USD RUB'!C:C,"N/A") -> 89.7619 | C64: =IFERROR(EXP(_xlfn.XLOOKUP(A64,'Bonds (CP)'!$A$4:$A$513,'Work Sheet'!$B$3:$B$512)/252)-1,"N/A") -> N/A | D64: =IFERROR(_xlfn.XLOOKUP($A64,Intel!$A$2:$A$502,Intel!$B$2:$B$502),"N/A") -> N/A | E64: =IF(OR(D64="N/A", $B64="N/A"),"N/A",D64*$B64) -> N/A | F64: =IF(E63="N/A", "N/A", IF(OR(E64="N/A",E63="N/A"),"N/A",E64/E63-1)) -> N/A | G64: =IFERROR(_xlfn.XLOOKUP(A64,Apple!A:A,Apple!B:B),"N/A") -> N/A | H64: =IF(OR(G64="N/A", B64="N/A"),"N/A",G64*$B64) -> N/A | I64: =IF(OR(H64="N/A",H63="N/A"), "N/A", H64/H63-1) -> N/A | J64: =IFERROR(_xlfn.XLOOKUP(A64,Microsoft!A:A,Microsoft!B:B),"N/A") -> N/A | K64: =IF(OR(J64="N/A",B64="N/A"),"N/A",J64*B64) -> N/A | L64: =IF(OR(K64="N/A",K63="N/A"), "N/A", K64/K63-1) -> N/A | M64: =IFERROR(_xlfn.XLOOKUP($A64,Cisco!A:A,Cisco!B:B),"N/A") -> N/A | N64: =IF(OR(M64="N/A",$B64="N/A"),"N/A",M64*$B64) -> N/A | O64: =IF(OR(N64="N/A",N63="N/A"),"N/A",N64/N63-1) -> N/A | P64: =IFERROR(_xlfn.XLOOKUP($A64,Disney!A:A,Disney!B:B),"N/A") -> N/A | Q64: =IF(OR(P64="N/A",$B64="N/A"),"N/A",P64*$B64) -> N/A | R64: =IF(OR(Q64="N/A",Q63="N/A"),"N/A",Q64/Q63-1) -> N/A | S64: =_xlfn.XLOOKUP(A64,FedEx!A:A,FedEx!B:B,"N/A") -> N/A | T64: =IF(OR(S64="N/A",$B64="N/A"),"N/A",S64*$B64) -> N/A | U64: =IF(OR(T64="N/A",T63="N/A"),"N/A",T64/T63-1) -> N/A | V64: =_xlfn.XLOOKUP($A64,'General Motors'!A:A,'General Motors'!B:B,"N/A") -> N/A | W64: =IF(OR(V64="N/A",$B64="N/A"),"N/A",V64*$B64) -> N/A | X64: =IF(OR(W64="N/A",W63="N/A"),"N/A",W64/W63-1) -> N/A | Y64: =_xlfn.XLOOKUP($A64,Chevron!A:A,Chevron!B:B,"N/A") -> N/A | Z64: =IF(OR(Y64="N/A",$B64="N/A"),"N/A",Y64*$B64) -> N/A | AA64: =IF(OR(Z64="N/A",Z63="N/A"),"N/A",Z64/Z63-1) -> N/A | AB64: =_xlfn.XLOOKUP($A64,Boeing!A:A,Boeing!B:B,"N/A") -> N/A | AC64: =IF(OR(AB64="N/A",$B64="N/A"),"N/A",AB64*$B64) -> N/A | AD64: =IF(OR(AC64="N/A",AC63="N/A"),"N/A",AC64/AC63-1) -> N/A | AE64: =_xlfn.XLOOKUP(A64,Amazon!A:A,Amazon!B:B,"N/A") -> N/A | AF64: =IF(OR(AE64="N/A",$B64="N/A"),"N/A",AE64*$B64) -> N/A | AG64: =IF(OR(AF64="N/A",AF63="N/A"),"N/A",AF64/AF63-1) -> N/A | AH64: N/A | AI64: N/A | AJ64: N/A
A65: 45263 | B65: =_xlfn.XLOOKUP(A65,'USD RUB'!B:B,'USD RUB'!C:C,"N/A") -> N/A | C65: =IFERROR(EXP(_xlfn.XLOOKUP(A65,'Bonds (CP)'!$A$4:$A$513,'Work Sheet'!$B$3:$B$512)/252)-1,"N/A") -> N/A | D65: =IFERROR(_xlfn.XLOOKUP($A65,Intel!$A$2:$A$502,Intel!$B$2:$B$502),"N/A") -> N/A | E65: =IF(OR(D65="N/A", $B65="N/A"),"N/A",D65*$B65) -> N/A | F65: =IF(E64="N/A", "N/A", IF(OR(E65="N/A",E64="N/A"),"N/A",E65/E64-1)) -> N/A | G65: =IFERROR(_xlfn.XLOOKUP(A65,Apple!A:A,Apple!B:B),"N/A") -> N/A | H65: =IF(OR(G65="N/A", B65="N/A"),"N/A",G65*$B65) -> N/A | I65: =IF(OR(H65="N/A",H64="N/A"), "N/A", H65/H64-1) -> N/A | J65: =IFERROR(_xlfn.XLOOKUP(A65,Microsoft!A:A,Microsoft!B:B),"N/A") -> N/A | K65: =IF(OR(J65="N/A",B65="N/A"),"N/A",J65*B65) -> N/A | L65: =IF(OR(K65="N/A",K64="N/A"), "N/A", K65/K64-1) -> N/A | M65: =IFERROR(_xlfn.XLOOKUP($A65,Cisco!A:A,Cisco!B:B),"N/A") -> N/A | N65: =IF(OR(M65="N/A",$B65="N/A"),"N/A",M65*$B65) -> N/A | O65: =IF(OR(N65="N/A",N64="N/A"),"N/A",N65/N64-1) -> N/A | P65: =IFERROR(_xlfn.XLOOKUP($A65,Disney!A:A,Disney!B:B),"N/A") -> N/A | Q65: =IF(OR(P65="N/A",$B65="N/A"),"N/A",P65*$B65) -> N/A | R65: =IF(OR(Q65="N/A",Q64="N/A"),"N/A",Q65/Q64-1) -> N/A | S65: =_xlfn.XLOOKUP(A65,FedEx!A:A,FedEx!B:B,"N/A") -> N/A | T65: =IF(OR(S65="N/A",$B65="N/A"),"N/A",S65*$B65) -> N/A | U65: =IF(OR(T65="N/A",T64="N/A"),"N/A",T65/T64-1) -> N/A | V65: =_xlfn.XLOOKUP($A65,'General Motors'!A:A,'General Motors'!B:B,"N/A") -> N/A | W65: =IF(OR(V65="N/A",$B65="N/A"),"N/A",V65*$B65) -> N/A | X65: =IF(OR(W65="N/A",W64="N/A"),"N/A",W65/W64-1) -> N/A | Y65: =_xlfn.XLOOKUP($A65,Chevron!A:A,Chevron!B:B,"N/A") -> N/A | Z65: =IF(OR(Y65="N/A",$B65="N/A"),"N/A",Y65*$B65) -> N/A | AA65: =IF(OR(Z65="N/A",Z64="N/A"),"N/A",Z65/Z64-1) -> N/A | AB65: =_xlfn.XLOOKUP($A65,Boeing!A:A,Boeing!B:B,"N/A") -> N/A | AC65: =IF(OR(AB65="N/A",$B65="N/A"),"N/A",AB65*$B65) -> N/A | AD65: =IF(OR(AC65="N/A",AC64="N/A"),"N/A",AC65/AC64-1) -> N/A | AE65: =_xlfn.XLOOKUP(A65,Amazon!A:A,Amazon!B:B,"N/A") -> N/A | AF65: =IF(OR(AE65="N/A",$B65="N/A"),"N/A",AE65*$B65) -> N/A | AG65: =IF(OR(AF65="N/A",AF64="N/A"),"N/A",AF65/AF64-1) -> N/A | AH65: N/A | AI65: N/A | AJ65: N/A
A66: 45264 | B66: =_xlfn.XLOOKUP(A66,'USD RUB'!B:B,'USD RUB'!C:C,"N/A") -> N/A | C66: =IFERROR(EXP(_xlfn.XLOOKUP(A66,'Bonds (CP)'!$A$4:$A$513,'Work Sheet'!$B$3:$B$512)/252)-1,"N/A") -> 0.42616085 | D66: =IFERROR(_xlfn.XLOOKUP($A66,Intel!$A$2:$A$502,Intel!$B$2:$B$502),"N/A") -> 42.35 | E66: =IF(OR(D66="N/A", $B66="N/A"),"N/A",D66*$B66) -> N/A | F66: =IF(E65="N/A", "N/A", IF(OR(E66="N/A",E65="N/A"),"N/A",E66/E65-1)) -> N/A | G66: =IFERROR(_xlfn.XLOOKUP(A66,Apple!A:A,Apple!B:B),"N/A") -> 189.43 | H66: =IF(OR(G66="N/A", B66="N/A"),"N/A",G66*$B66) -> N/A | I66: =IF(OR(H66="N/A",H65="N/A"), "N/A", H66/H65-1) -> N/A | J66: =IFERROR(_xlfn.XLOOKUP(A66,Microsoft!A:A,Microsoft!B:B),"N/A") -> 369.14 | K66: =IF(OR(J66="N/A",B66="N/A"),"N/A",J66*B66) -> N/A | L66: =IF(OR(K66="N/A",K65="N/A"), "N/A", K66/K65-1) -> N/A | M66: =IFERROR(_xlfn.XLOOKUP($A66,Cisco!A:A,Cisco!B:B),"N/A") -> 48.05 | N66: =IF(OR(M66="N/A",$B66="N/A"),"N/A",M66*$B66) -> N/A | O66: =IF(OR(N66="N/A",N65="N/A"),"N/A",N66/N65-1) -> N/A | P66: =IFERROR(_xlfn.XLOOKUP($A66,Disney!A:A,Disney!B:B),"N/A") -> 92.01 | Q66: =IF(OR(P66="N/A",$B66="N/A"),"N/A",P66*$B66) -> N/A | R66: =IF(OR(Q66="N/A",Q65="N/A"),"N/A",Q66/Q65-1) -> N/A | S66: =_xlfn.XLOOKUP(A66,FedEx!A:A,FedEx!B:B,"N/A") -> 265.6 | T66: =IF(OR(S66="N/A",$B66="N/A"),"N/A",S66*$B66) -> N/A | U66: =IF(OR(T66="N/A",T65="N/A"),"N/A",T66/T65-1) -> N/A | V66: =_xlfn.XLOOKUP($A66,'General Motors'!A:A,'General Motors'!B:B,"N/A") -> 33.07 | W66: =IF(OR(V66="N/A",$B66="N/A"),"N/A",V66*$B66) -> N/A | X66: =IF(OR(W66="N/A",W65="N/A"),"N/A",W66/W65-1) -> N/A | Y66: =_xlfn.XLOOKUP($A66,Chevron!A:A,Chevron!B:B,"N/A") -> 144.87 | Z66: =IF(OR(Y66="N/A",$B66="N/A"),"N/A",Y66*$B66) -> N/A | AA66: =IF(OR(Z66="N/A",Z65="N/A"),"N/A",Z66/Z65-1) -> N/A | AB66: =_xlfn.XLOOKUP($A66,Boeing!A:A,Boeing!B:B,"N/A") -> 234.87 | AC66: =IF(OR(AB66="N/A",$B66="N/A"),"N/A",AB66*$B66) -> N/A | AD66: =IF(OR(AC66="N/A",AC65="N/A"),"N/A",AC66/AC65-1) -> N/A | AE66: =_xlfn.XLOOKUP(A66,Amazon!A:A,Amazon!B:B,"N/A") -> 144.84 | AF66: =IF(OR(AE66="N/A",$B66="N/A"),"N/A",AE66*$B66) -> N/A | AG66: =IF(OR(AF66="N/A",AF65="N/A"),"N/A",AF66/AF65-1) -> N/A | AH66: 4569.78 | AI66: N/A | AJ66: N/A
A67: 45265 | B67: =_xlfn.XLOOKUP(A67,'USD RUB'!B:B,'USD RUB'!C:C,"N/A") -> 90.6728 | C67: =IFERROR(EXP(_xlfn.XLOOKUP(A67,'Bonds (CP)'!$A$4:$A$513,'Work Sheet'!$B$3:$B$512)/252)-1,"N/A") -> 0.42327805 | D67: =IFERROR(_xlfn.XLOOKUP($A67,Intel!$A$2:$A$502,Intel!$B$2:$B$502),"N/A") -> 41.92 | E67: =IF(OR(D67="N/A", $B67="N/A"),"N/A",D67*$B67) -> 3801.0038 | F67: =IF(E66="N/A", "N/A", IF(OR(E67="N/A",E66="N/A"),"N/A",E67/E66-1)) -> N/A | G67: =IFERROR(_xlfn.XLOOKUP(A67,Apple!A:A,Apple!B:B),"N/A") -> 193.42 | H67: =IF(OR(G67="N/A", B67="N/A"),"N/A",G67*$B67) -> 17537.933 | I67: =IF(OR(H67="N/A",H66="N/A"), "N/A", H67/H66-1) -> N/A | J67: =IFERROR(_xlfn.XLOOKUP(A67,Microsoft!A:A,Microsoft!B:B),"N/A") -> 372.52 | K67: =IF(OR(J67="N/A",B67="N/A"),"N/A",J67*B67) -> 33777.431 | L67: =IF(OR(K67="N/A",K66="N/A"), "N/A", K67/K66-1) -> N/A | M67: =IFERROR(_xlfn.XLOOKUP($A67,Cisco!A:A,Cisco!B:B),"N/A") -> 47.93 | N67: =IF(OR(M67="N/A",$B67="N/A"),"N/A",M67*$B67) -> 4345.9473 | O67: =IF(OR(N67="N/A",N66="N/A"),"N/A",N67/N66-1) -> N/A | P67: =IFERROR(_xlfn.XLOOKUP($A67,Disney!A:A,Disney!B:B),"N/A") -> 90.79 | Q67: =IF(OR(P67="N/A",$B67="N/A"),"N/A",P67*$B67) -> 8232.1835 | R67: =IF(OR(Q67="N/A",Q66="N/A"),"N/A",Q67/Q66-1) -> N/A | S67: =_xlfn.XLOOKUP(A67,FedEx!A:A,FedEx!B:B,"N/A") -> 266.08 | T67: =IF(OR(S67="N/A",$B67="N/A"),"N/A",S67*$B67) -> 24126.219 | U67: =IF(OR(T67="N/A",T66="N/A"),"N/A",T67/T66-1) -> N/A | V67: =_xlfn.XLOOKUP($A67,'General Motors'!A:A,'General Motors'!B:B,"N/A") -> 32.68 | W67: =IF(OR(V67="N/A",$B67="N/A"),"N/A",V67*$B67) -> 2963.1871 | X67: =IF(OR(W67="N/A",W66="N/A"),"N/A",W67/W66-1) -> N/A | Y67: =_xlfn.XLOOKUP($A67,Chevron!A:A,Chevron!B:B,"N/A") -> 142.86 | Z67: =IF(OR(Y67="N/A",$B67="N/A"),"N/A",Y67*$B67) -> 12953.516 | AA67: =IF(OR(Z67="N/A",Z66="N/A"),"N/A",Z67/Z66-1) -> N/A | AB67: =_xlfn.XLOOKUP($A67,Boeing!A:A,Boeing!B:B,"N/A") -> 234.16 | AC67: =IF(OR(AB67="N/A",$B67="N/A"),"N/A",AB67*$B67) -> 21231.943 | AD67: =IF(OR(AC67="N/A",AC66="N/A"),"N/A",AC67/AC66-1) -> N/A | AE67: =_xlfn.XLOOKUP(A67,Amazon!A:A,Amazon!B:B,"N/A") -> 146.88 | AF67: =IF(OR(AE67="N/A",$B67="N/A"),"N/A",AE67*$B67) -> 13318.021 | AG67: =IF(OR(AF67="N/A",AF66="N/A"),"N/A",AF67/AF66-1) -> N/A | AH67: 4567.18 | AI67: 414119 | AJ67: N/A
A68: 45266 | B68: =_xlfn.XLOOKUP(A68,'USD RUB'!B:B,'USD RUB'!C:C,"N/A") -> 91.5823 | C68: =IFERROR(EXP(_xlfn.XLOOKUP(A68,'Bonds (CP)'!$A$4:$A$513,'Work Sheet'!$B$3:$B$512)/252)-1,"N/A") -> 0.42427865 | D68: =IFERROR(_xlfn.XLOOKUP($A68,Intel!$A$2:$A$502,Intel!$B$2:$B$502),"N/A") -> 41.27 | E68: =IF(OR(D68="N/A", $B68="N/A"),"N/A",D68*$B68) -> 3779.6015 | F68: =IF(E67="N/A", "N/A", IF(OR(E68="N/A",E67="N/A"),"N/A",E68/E67-1)) -> -0.005630685 | G68: =IFERROR(_xlfn.XLOOKUP(A68,Apple!A:A,Apple!B:B),"N/A") -> 192.32 | H68: =IF(OR(G68="N/A", B68="N/A"),"N/A",G68*$B68) -> 17613.108 | I68: =IF(OR(H68="N/A",H67="N/A"), "N/A", H68/H67-1) -> 0.0042864208 | J68: =IFERROR(_xlfn.XLOOKUP(A68,Microsoft!A:A,Microsoft!B:B),"N/A") -> 368.8 | K68: =IF(OR(J68="N/A",B68="N/A"),"N/A",J68*B68) -> 33775.552 | L68: =IF(OR(K68="N/A",K67="N/A"), "N/A", K68/K67-1) -> -5.5635255e-05 | M68: =IFERROR(_xlfn.XLOOKUP($A68,Cisco!A:A,Cisco!B:B),"N/A") -> 47.7 | N68: =IF(OR(M68="N/A",$B68="N/A"),"N/A",M68*$B68) -> 4368.4757 | O68: =IF(OR(N68="N/A",N67="N/A"),"N/A",N68/N67-1) -> 0.0051837734 | P68: =IFERROR(_xlfn.XLOOKUP($A68,Disney!A:A,Disney!B:B),"N/A") -> 91.5 | Q68: =IF(OR(P68="N/A",$B68="N/A"),"N/A",P68*$B68) -> 8379.7805 | R68: =IF(OR(Q68="N/A",Q67="N/A"),"N/A",Q68/Q67-1) -> 0.017929258 | S68: =_xlfn.XLOOKUP(A68,FedEx!A:A,FedEx!B:B,"N/A") -> 267.21 | T68: =IF(OR(S68="N/A",$B68="N/A"),"N/A",S68*$B68) -> 24471.706 | U68: =IF(OR(T68="N/A",T67="N/A"),"N/A",T68/T67-1) -> 0.014320013 | V68: =_xlfn.XLOOKUP($A68,'General Motors'!A:A,'General Motors'!B:B,"N/A") -> 32.91 | W68: =IF(OR(V68="N/A",$B68="N/A"),"N/A",V68*$B68) -> 3013.9735 | X68: =IF(OR(W68="N/A",W67="N/A"),"N/A",W68/W67-1) -> 0.01713911 | Y68: =_xlfn.XLOOKUP($A68,Chevron!A:A,Chevron!B:B,"N/A") -> 142.53 | Z68: =IF(OR(Y68="N/A",$B68="N/A"),"N/A",Y68*$B68) -> 13053.225 | AA68: =IF(OR(Z68="N/A",Z67="N/A"),"N/A",Z68/Z67-1) -> 0.0076974475 | AB68: =_xlfn.XLOOKUP($A68,Boeing!A:A,Boeing!B:B,"N/A") -> 236.89 | AC68: =IF(OR(AB68="N/A",$B68="N/A"),"N/A",AB68*$B68) -> 21694.931 | AD68: =IF(OR(AC68="N/A",AC67="N/A"),"N/A",AC68/AC67-1) -> 0.02180621 | AE68: =_xlfn.XLOOKUP(A68,Amazon!A:A,Amazon!B:B,"N/A") -> 144.52 | AF68: =IF(OR(AE68="N/A",$B68="N/A"),"N/A",AE68*$B68) -> 13235.474 | AG68: =IF(OR(AF68="N/A",AF67="N/A"),"N/A",AF68/AF67-1) -> -0.0061981333 | AH68: 4549.34 | AI68: 416639.02 | AJ68: 0.00608526
A69: 45267 | B69: =_xlfn.XLOOKUP(A69,'USD RUB'!B:B,'USD RUB'!C:C,"N/A") -> 92.7826 | C69: =IFERROR(EXP(_xlfn.XLOOKUP(A69,'Bonds (CP)'!$A$4:$A$513,'Work Sheet'!$B$3:$B$512)/252)-1,"N/A") -> N/A | D69: =IFERROR(_xlfn.XLOOKUP($A69,Intel!$A$2:$A$502,Intel!$B$2:$B$502),"N/A") -> 42.15 | E69: =IF(OR(D69="N/A", $B69="N/A"),"N/A",D69*$B69) -> 3910.7866 | F69: =IF(E68="N/A", "N/A", IF(OR(E69="N/A",E68="N/A"),"N/A",E69/E68-1)) -> 0.034708704 | G69: =IFERROR(_xlfn.XLOOKUP(A69,Apple!A:A,Apple!B:B),"N/A") -> 194.27 | H69: =IF(OR(G69="N/A", B69="N/A"),"N/A",G69*$B69) -> 18024.876 | I69: =IF(OR(H69="N/A",H68="N/A"), "N/A", H69/H68-1) -> 0.023378484 | J69: =IFERROR(_xlfn.XLOOKUP(A69,Microsoft!A:A,Microsoft!B:B),"N/A") -> 370.95 | K69: =IF(OR(J69="N/A",B69="N/A"),"N/A",J69*B69) -> 34417.705 | L69: =IF(OR(K69="N/A",K68="N/A"), "N/A", K69/K68-1) -> 0.019012368 | M69: =IFERROR(_xlfn.XLOOKUP($A69,Cisco!A:A,Cisco!B:B),"N/A") -> 48.26 | N69: =IF(OR(M69="N/A",$B69="N/A"),"N/A",M69*$B69) -> 4477.6883 | O69: =IF(OR(N69="N/A",N68="N/A"),"N/A",N69/N68-1) -> 0.025000154 | P69: =IFERROR(_xlfn.XLOOKUP($A69,Disney!A:A,Disney!B:B),"N/A") -> 92.35 | Q69: =IF(OR(P69="N/A",$B69="N/A"),"N/A",P69*$B69) -> 8568.4731 | R69: =IF(OR(Q69="N/A",Q68="N/A"),"N/A",Q69/Q68-1) -> 0.022517614 | S69: =_xlfn.XLOOKUP(A69,FedEx!A:A,FedEx!B:B,"N/A") -> 267.63 | T69: =IF(OR(S69="N/A",$B69="N/A"),"N/A",S69*$B69) -> 24831.407 | U69: =IF(OR(T69="N/A",T68="N/A"),"N/A",T69/T68-1) -> 0.014698642 | V69: =_xlfn.XLOOKUP($A69,'General Motors'!A:A,'General Motors'!B:B,"N/A") -> 33.51 | W69: =IF(OR(V69="N/A",$B69="N/A"),"N/A",V69*$B69) -> 3109.1449 | X69: =IF(OR(W69="N/A",W68="N/A"),"N/A",W69/W68-1) -> 0.031576732 | Y69: =_xlfn.XLOOKUP($A69,Chevron!A:A,Chevron!B:B,"N/A") -> 142.42 | Z69: =IF(OR(Y69="N/A",$B69="N/A"),"N/A",Y69*$B69) -> 13214.098 | AA69: =IF(OR(Z69="N/A",Z68="N/A"),"N/A",Z69/Z68-1) -> 0.012324362 | AB69: =_xlfn.XLOOKUP($A69,Boeing!A:A,Boeing!B:B,"N/A") -> 237.33 | AC69: =IF(OR(AB69="N/A",$B69="N/A"),"N/A",AB69*$B69) -> 22020.094 | AD69: =IF(OR(AC69="N/A",AC68="N/A"),"N/A",AC69/AC68-1) -> 0.01498799 | AE69: =_xlfn.XLOOKUP(A69,Amazon!A:A,Amazon!B:B,"N/A") -> 146.88 | AF69: =IF(OR(AE69="N/A",$B69="N/A"),"N/A",AE69*$B69) -> 13627.908 | AG69: =IF(OR(AF69="N/A",AF68="N/A"),"N/A",AF69/AF68-1) -> 0.029650188 | AH69: 4585.59 | AI69: 425462.96 | AJ69: 0.02117887
A70: 45268 | B70: =_xlfn.XLOOKUP(A70,'USD RUB'!B:B,'USD RUB'!C:C,"N/A") -> 92.5654 | C70: =IFERROR(EXP(_xlfn.XLOOKUP(A70,'Bonds (CP)'!$A$4:$A$513,'Work Sheet'!$B$3:$B$512)/252)-1,"N/A") -> N/A | D70: =IFERROR(_xlfn.XLOOKUP($A70,Intel!$A$2:$A$502,Intel!$B$2:$B$502),"N/A") -> 42.7 | E70: =IF(OR(D70="N/A", $B70="N/A"),"N/A",D70*$B70) -> 3952.5426 | F70: =IF(E69="N/A", "N/A", IF(OR(E70="N/A",E69="N/A"),"N/A",E70/E69-1)) -> 0.010677133 | G70: =IFERROR(_xlfn.XLOOKUP(A70,Apple!A:A,Apple!B:B),"N/A") -> 195.71 | H70: =IF(OR(G70="N/A", B70="N/A"),"N/A",G70*$B70) -> 18115.974 | I70: =IF(OR(H70="N/A",H69="N/A"), "N/A", H70/H69-1) -> 0.005054056 | J70: =IFERROR(_xlfn.XLOOKUP(A70,Microsoft!A:A,Microsoft!B:B),"N/A") -> 374.23 | K70: =IF(OR(J70="N/A",B70="N/A"),"N/A",J70*B70) -> 34640.75 | L70: =IF(OR(K70="N/A",K69="N/A"), "N/A", K70/K69-1) -> 0.0064805067 | M70: =IFERROR(_xlfn.XLOOKUP($A70,Cisco!A:A,Cisco!B:B),"N/A") -> 48.38 | N70: =IF(OR(M70="N/A",$B70="N/A"),"N/A",M70*$B70) -> 4478.3141 | O70: =IF(OR(N70="N/A",N69="N/A"),"N/A",N70/N69-1) -> 0.00013975426 | P70: =IFERROR(_xlfn.XLOOKUP($A70,Disney!A:A,Disney!B:B),"N/A") -> 92.82 | Q70: =IF(OR(P70="N/A",$B70="N/A"),"N/A",P70*$B70) -> 8591.9204 | R70: =IF(OR(Q70="N/A",Q69="N/A"),"N/A",Q70/Q69-1) -> 0.002736464 | S70: =_xlfn.XLOOKUP(A70,FedEx!A:A,FedEx!B:B,"N/A") -> 272.21 | T70: =IF(OR(S70="N/A",$B70="N/A"),"N/A",S70*$B70) -> 25197.228 | U70: =IF(OR(T70="N/A",T69="N/A"),"N/A",T70/T69-1) -> 0.014732161 | V70: =_xlfn.XLOOKUP($A70,'General Motors'!A:A,'General Motors'!B:B,"N/A") -> 33.75 | W70: =IF(OR(V70="N/A",$B70="N/A"),"N/A",V70*$B70) -> 3124.0822 | X70: =IF(OR(W70="N/A",W69="N/A"),"N/A",W70/W69-1) -> 0.004804319 | Y70: =_xlfn.XLOOKUP($A70,Chevron!A:A,Chevron!B:B,"N/A") -> 144.31 | Z70: =IF(OR(Y70="N/A",$B70="N/A"),"N/A",Y70*$B70) -> 13358.113 | AA70: =IF(OR(Z70="N/A",Z69="N/A"),"N/A",Z70/Z69-1) -> 0.010898586 | AB70: =_xlfn.XLOOKUP($A70,Boeing!A:A,Boeing!B:B,"N/A") -> 244.7 | AC70: =IF(OR(AB70="N/A",$B70="N/A"),"N/A",AB70*$B70) -> 22650.753 | AD70: =IF(OR(AC70="N/A",AC69="N/A"),"N/A",AC70/AC69-1) -> 0.028640155 | AE70: =_xlfn.XLOOKUP(A70,Amazon!A:A,Amazon!B:B,"N/A") -> 147.42 | AF70: =IF(OR(AE70="N/A",$B70="N/A"),"N/A",AE70*$B70) -> 13645.991 | AG70: =IF(OR(AF70="N/A",AF69="N/A"),"N/A",AF70/AF69-1) -> 0.001326908 | AH70: 4604.37 | AI70: 426205.35 | AJ70: 0.00174489
A71: 45269 | B71: =_xlfn.XLOOKUP(A71,'USD RUB'!B:B,'USD RUB'!C:C,"N/A") -> 91.6402 | C71: =IFERROR(EXP(_xlfn.XLOOKUP(A71,'Bonds (CP)'!$A$4:$A$513,'Work Sheet'!$B$3:$B$512)/252)-1,"N/A") -> N/A | D71: =IFERROR(_xlfn.XLOOKUP($A71,Intel!$A$2:$A$502,Intel!$B$2:$B$502),"N/A") -> N/A | E71: =IF(OR(D71="N/A", $B71="N/A"),"N/A",D71*$B71) -> N/A | F71: =IF(E70="N/A", "N/A", IF(OR(E71="N/A",E70="N/A"),"N/A",E71/E70-1)) -> N/A | G71: =IFERROR(_xlfn.XLOOKUP(A71,Apple!A:A,Apple!B:B),"N/A") -> N/A | H71: =IF(OR(G71="N/A", B71="N/A"),"N/A",G71*$B71) -> N/A | I71: =IF(OR(H71="N/A",H70="N/A"), "N/A", H71/H70-1) -> N/A | J71: =IFERROR(_xlfn.XLOOKUP(A71,Microsoft!A:A,Microsoft!B:B),"N/A") -> N/A | K71: =IF(OR(J71="N/A",B71="N/A"),"N/A",J71*B71) -> N/A | L71: =IF(OR(K71="N/A",K70="N/A"), "N/A", K71/K70-1) -> N/A | M71: =IFERROR(_xlfn.XLOOKUP($A71,Cisco!A:A,Cisco!B:B),"N/A") -> N/A | N71: =IF(OR(M71="N/A",$B71="N/A"),"N/A",M71*$B71) -> N/A | O71: =IF(OR(N71="N/A",N70="N/A"),"N/A",N71/N70-1) -> N/A | P71: =IFERROR(_xlfn.XLOOKUP($A71,Disney!A:A,Disney!B:B),"N/A") -> N/A | Q71: =IF(OR(P71="N/A",$B71="N/A"),"N/A",P71*$B71) -> N/A | R71: =IF(OR(Q71="N/A",Q70="N/A"),"N/A",Q71/Q70-1) -> N/A | S71: =_xlfn.XLOOKUP(A71,FedEx!A:A,FedEx!B:B,"N/A") -> N/A | T71: =IF(OR(S71="N/A",$B71="N/A"),"N/A",S71*$B71) -> N/A | U71: =IF(OR(T71="N/A",T70="N/A"),"N/A",T71/T70-1) -> N/A | V71: =_xlfn.XLOOKUP($A71,'General Motors'!A:A,'General Motors'!B:B,"N/A") -> N/A | W71: =IF(OR(V71="N/A",$B71="N/A"),"N/A",V71*$B71) -> N/A | X71: =IF(OR(W71="N/A",W70="N/A"),"N/A",W71/W70-1) -> N/A | Y71: =_xlfn.XLOOKUP($A71,Chevron!A:A,Chevron!B:B,"N/A") -> N/A | Z71: =IF(OR(Y71="N/A",$B71="N/A"),"N/A",Y71*$B71) -> N/A | AA71: =IF(OR(Z71="N/A",Z70="N/A"),"N/A",Z71/Z70-1) -> N/A | AB71: =_xlfn.XLOOKUP($A71,Boeing!A:A,Boeing!B:B,"N/A") -> N/A | AC71: =IF(OR(AB71="N/A",$B71="N/A"),"N/A",AB71*$B71) -> N/A | AD71: =IF(OR(AC71="N/A",AC70="N/A"),"N/A",AC71/AC70-1) -> N/A | AE71: =_xlfn.XLOOKUP(A71,Amazon!A:A,Amazon!B:B,"N/A") -> N/A | AF71: =IF(OR(AE71="N/A",$B71="N/A"),"N/A",AE71*$B71) -> N/A | AG71: =IF(OR(AF71="N/A",AF70="N/A"),"N/A",AF71/AF70-1) -> N/A | AH71: N/A | AI71: N/A | AJ71: N/A
A72: 45270 | B72: =_xlfn.XLOOKUP(A72,'USD RUB'!B:B,'USD RUB'!C:C,"N/A") -> N/A | C72: =IFERROR(EXP(_xlfn.XLOOKUP(A72,'Bonds (CP)'!$A$4:$A$513,'Work Sheet'!$B$3:$B$512)/252)-1,"N/A") -> N/A | D72: =IFERROR(_xlfn.XLOOKUP($A72,Intel!$A$2:$A$502,Intel!$B$2:$B$502),"N/A") -> N/A | E72: =IF(OR(D72="N/A", $B72="N/A"),"N/A",D72*$B72) -> N/A | F72: =IF(E71="N/A", "N/A", IF(OR(E72="N/A",E71="N/A"),"N/A",E72/E71-1)) -> N/A | G72: =IFERROR(_xlfn.XLOOKUP(A72,Apple!A:A,Apple!B:B),"N/A") -> N/A | H72: =IF(OR(G72="N/A", B72="N/A"),"N/A",G72*$B72) -> N/A | I72: =IF(OR(H72="N/A",H71="N/A"), "N/A", H72/H71-1) -> N/A | J72: =IFERROR(_xlfn.XLOOKUP(A72,Microsoft!A:A,Microsoft!B:B),"N/A") -> N/A | K72: =IF(OR(J72="N/A",B72="N/A"),"N/A",J72*B72) -> N/A | L72: =IF(OR(K72="N/A",K71="N/A"), "N/A", K72/K71-1) -> N/A | M72: =IFERROR(_xlfn.XLOOKUP($A72,Cisco!A:A,Cisco!B:B),"N/A") -> N/A | N72: =IF(OR(M72="N/A",$B72="N/A"),"N/A",M72*$B72) -> N/A | O72: =IF(OR(N72="N/A",N71="N/A"),"N/A",N72/N71-1) -> N/A | P72: =IFERROR(_xlfn.XLOOKUP($A72,Disney!A:A,Disney!B:B),"N/A") -> N/A | Q72: =IF(OR(P72="N/A",$B72="N/A"),"N/A",P72*$B72) -> N/A | R72: =IF(OR(Q72="N/A",Q71="N/A"),"N/A",Q72/Q71-1) -> N/A | S72: =_xlfn.XLOOKUP(A72,FedEx!A:A,FedEx!B:B,"N/A") -> N/A | T72: =IF(OR(S72="N/A",$B72="N/A"),"N/A",S72*$B72) -> N/A | U72: =IF(OR(T72="N/A",T71="N/A"),"N/A",T72/T71-1) -> N/A | V72: =_xlfn.XLOOKUP($A72,'General Motors'!A:A,'General Motors'!B:B,"N/A") -> N/A | W72: =IF(OR(V72="N/A",$B72="N/A"),"N/A",V72*$B72) -> N/A | X72: =IF(OR(W72="N/A",W71="N/A"),"N/A",W72/W71-1) -> N/A | Y72: =_xlfn.XLOOKUP($A72,Chevron!A:A,Chevron!B:B,"N/A") -> N/A | Z72: =IF(OR(Y72="N/A",$B72="N/A"),"N/A",Y72*$B72) -> N/A | AA72: =IF(OR(Z72="N/A",Z71="N/A"),"N/A",Z72/Z71-1) -> N/A | AB72: =_xlfn.XLOOKUP($A72,Boeing!A:A,Boeing!B:B,"N/A") -> N/A | AC72: =IF(OR(AB72="N/A",$B72="N/A"),"N/A",AB72*$B72) -> N/A | AD72: =IF(OR(AC72="N/A",AC71="N/A"),"N/A",AC72/AC71-1) -> N/A | AE72: =_xlfn.XLOOKUP(A72,Amazon!A:A,Amazon!B:B,"N/A") -> N/A | AF72: =IF(OR(AE72="N/A",$B72="N/A"),"N/A",AE72*$B72) -> N/A | AG72: =IF(OR(AF72="N/A",AF71="N/A"),"N/A",AF72/AF71-1) -> N/A | AH72: N/A | AI72: N/A | AJ72: N/A
A73: 45271 | B73: =_xlfn.XLOOKUP(A73,'USD RUB'!B:B,'USD RUB'!C:C,"N/A") -> N/A | C73: =IFERROR(EXP(_xlfn.XLOOKUP(A73,'Bonds (CP)'!$A$4:$A$513,'Work Sheet'!$B$3:$B$512)/252)-1,"N/A") -> 0.42073199 | D73: =IFERROR(_xlfn.XLOOKUP($A73,Intel!$A$2:$A$502,Intel!$B$2:$B$502),"N/A") -> 44.54 | E73: =IF(OR(D73="N/A", $B73="N/A"),"N/A",D73*$B73) -> N/A | F73: =IF(E72="N/A", "N/A", IF(OR(E73="N/A",E72="N/A"),"N/A",E73/E72-1)) -> N/A | G73: =IFERROR(_xlfn.XLOOKUP(A73,Apple!A:A,Apple!B:B),"N/A") -> 193.18 | H73: =IF(OR(G73="N/A", B73="N/A"),"N/A",G73*$B73) -> N/A | I73: =IF(OR(H73="N/A",H72="N/A"), "N/A", H73/H72-1) -> N/A | J73: =IFERROR(_xlfn.XLOOKUP(A73,Microsoft!A:A,Microsoft!B:B),"N/A") -> 371.3 | K73: =IF(OR(J73="N/A",B73="N/A"),"N/A",J73*B73) -> N/A | L73: =IF(OR(K73="N/A",K72="N/A"), "N/A", K73/K72-1) -> N/A | M73: =IFERROR(_xlfn.XLOOKUP($A73,Cisco!A:A,Cisco!B:B),"N/A") -> 49.39 | N73: =IF(OR(M73="N/A",$B73="N/A"),"N/A",M73*$B73) -> N/A | O73: =IF(OR(N73="N/A",N72="N/A"),"N/A",N73/N72-1) -> N/A | P73: =IFERROR(_xlfn.XLOOKUP($A73,Disney!A:A,Disney!B:B),"N/A") -> 92.2 | Q73: =IF(OR(P73="N/A",$B73="N/A"),"N/A",P73*$B73) -> N/A | R73: =IF(OR(Q73="N/A",Q72="N/A"),"N/A",Q73/Q72-1) -> N/A | S73: =_xlfn.XLOOKUP(A73,FedEx!A:A,FedEx!B:B,"N/A") -> 271.38 | T73: =IF(OR(S73="N/A",$B73="N/A"),"N/A",S73*$B73) -> N/A | U73: =IF(OR(T73="N/A",T72="N/A"),"N/A",T73/T72-1) -> N/A | V73: =_xlfn.XLOOKUP($A73,'General Motors'!A:A,'General Motors'!B:B,"N/A") -> 33.58 | W73: =IF(OR(V73="N/A",$B73="N/A"),"N/A",V73*$B73) -> N/A | X73: =IF(OR(W73="N/A",W72="N/A"),"N/A",W73/W72-1) -> N/A | Y73: =_xlfn.XLOOKUP($A73,Chevron!A:A,Chevron!B:B,"N/A") -> 144.35 | Z73: =IF(OR(Y73="N/A",$B73="N/A"),"N/A",Y73*$B73) -> N/A | AA73: =IF(OR(Z73="N/A",Z72="N/A"),"N/A",Z73/Z72-1) -> N/A | AB73: =_xlfn.XLOOKUP($A73,Boeing!A:A,Boeing!B:B,"N/A") -> 248.08 | AC73: =IF(OR(AB73="N/A",$B73="N/A"),"N/A",AB73*$B73) -> N/A | AD73: =IF(OR(AC73="N/A",AC72="N/A"),"N/A",AC73/AC72-1) -> N/A | AE73: =_xlfn.XLOOKUP(A73,Amazon!A:A,Amazon!B:B,"N/A") -> 145.89 | AF73: =IF(OR(AE73="N/A",$B73="N/A"),"N/A",AE73*$B73) -> N/A | AG73: =IF(OR(AF73="N/A",AF72="N/A"),"N/A",AF73/AF72-1) -> N/A | AH73: 4622.44 | AI73: N/A | AJ73: N/A
A74: 45272 | B74: =_xlfn.XLOOKUP(A74,'USD RUB'!B:B,'USD RUB'!C:C,"N/A") -> 90.9846 | C74: =IFERROR(EXP(_xlfn.XLOOKUP(A74,'Bonds (CP)'!$A$4:$A$513,'Work Sheet'!$B$3:$B$512)/252)-1,"N/A") -> 0.41721102 | D74: =IFERROR(_xlfn.XLOOKUP($A74,Intel!$A$2:$A$502,Intel!$B$2:$B$502),"N/A") -> 44.04 | E74: =IF(OR(D74="N/A", $B74="N/A"),"N/A",D74*$B74) -> 4006.9618 | F74: =IF(E73="N/A", "N/A", IF(OR(E74="N/A",E73="N/A"),"N/A",E74/E73-1)) -> N/A | G74: =IFERROR(_xlfn.XLOOKUP(A74,Apple!A:A,Apple!B:B),"N/A") -> 194.71 | H74: =IF(OR(G74="N/A", B74="N/A"),"N/A",G74*$B74) -> 17715.611 | I74: =IF(OR(H74="N/A",H73="N/A"), "N/A", H74/H73-1) -> N/A | J74: =IFERROR(_xlfn.XLOOKUP(A74,Microsoft!A:A,Microsoft!B:B),"N/A") -> 374.38 | K74: =IF(OR(J74="N/A",B74="N/A"),"N/A",J74*B74) -> 34062.815 | L74: =IF(OR(K74="N/A",K73="N/A"), "N/A", K74/K73-1) -> N/A | M74: =IFERROR(_xlfn.XLOOKUP($A74,Cisco!A:A,Cisco!B:B),"N/A") -> 49.33 | N74: =IF(OR(M74="N/A",$B74="N/A"),"N/A",M74*$B74) -> 4488.2703 | O74: =IF(OR(N74="N/A",N73="N/A"),"N/A",N74/N73-1) -> N/A | P74: =IFERROR(_xlfn.XLOOKUP($A74,Disney!A:A,Disney!B:B),"N/A") -> 91.07 | Q74: =IF(OR(P74="N/A",$B74="N/A"),"N/A",P74*$B74) -> 8285.9675 | R74: =IF(OR(Q74="N/A",Q73="N/A"),"N/A",Q74/Q73-1) -> N/A | S74: =_xlfn.XLOOKUP(A74,FedEx!A:A,FedEx!B:B,"N/A") -> 273.01 | T74: =IF(OR(S74="N/A",$B74="N/A"),"N/A",S74*$B74) -> 24839.706 | U74: =IF(OR(T74="N/A",T73="N/A"),"N/A",T74/T73-1) -> N/A | V74: =_xlfn.XLOOKUP($A74,'General Motors'!A:A,'General Motors'!B:B,"N/A") -> 33.42 | W74: =IF(OR(V74="N/A",$B74="N/A"),"N/A",V74*$B74) -> 3040.7053 | X74: =IF(OR(W74="N/A",W73="N/A"),"N/A",W74/W73-1) -> N/A | Y74: =_xlfn.XLOOKUP($A74,Chevron!A:A,Chevron!B:B,"N/A") -> 142.5 | Z74: =IF(OR(Y74="N/A",$B74="N/A"),"N/A",Y74*$B74) -> 12965.306 | AA74: =IF(OR(Z74="N/A",Z73="N/A"),"N/A",Z74/Z73-1) -> N/A | AB74: =_xlfn.XLOOKUP($A74,Boeing!A:A,Boeing!B:B,"N/A") -> 248.63 | AC74: =IF(OR(AB74="N/A",$B74="N/A"),"N/A",AB74*$B74) -> 22621.501 | AD74: =IF(OR(AC74="N/A",AC73="N/A"),"N/A",AC74/AC73-1) -> N/A | AE74: =_xlfn.XLOOKUP(A74,Amazon!A:A,Amazon!B:B,"N/A") -> 147.48 | AF74: =IF(OR(AE74="N/A",$B74="N/A"),"N/A",AE74*$B74) -> 13418.409 | AG74: =IF(OR(AF74="N/A",AF73="N/A"),"N/A",AF74/AF73-1) -> N/A | AH74: 1002043 | AI74: 422505.19 | AJ74: N/A
A75: 45273 | B75: =_xlfn.XLOOKUP(A75,'USD RUB'!B:B,'USD RUB'!C:C,"N/A") -> 90.2158 | C75: =IFERROR(EXP(_xlfn.XLOOKUP(A75,'Bonds (CP)'!$A$4:$A$513,'Work Sheet'!$B$3:$B$512)/252)-1,"N/A") -> 0.41886934 | D75: =IFERROR(_xlfn.XLOOKUP($A75,Intel!$A$2:$A$502,Intel!$B$2:$B$502),"N/A") -> 44.57 | E75: =IF(OR(D75="N/A", $B75="N/A"),"N/A",D75*$B75) -> 4020.9182 | F75: =IF(E74="N/A", "N/A", IF(OR(E75="N/A",E74="N/A"),"N/A",E75/E74-1)) -> 0.0034830435 | G75: =IFERROR(_xlfn.XLOOKUP(A75,Apple!A:A,Apple!B:B),"N/A") -> 197.96 | H75: =IF(OR(G75="N/A", B75="N/A"),"N/A",G75*$B75) -> 17859.12 | I75: =IF(OR(H75="N/A",H74="N/A"), "N/A", H75/H74-1) -> 0.0081006689 | J75: =IFERROR(_xlfn.XLOOKUP(A75,Microsoft!A:A,Microsoft!B:B),"N/A") -> 374.37 | K75: =IF(OR(J75="N/A",B75="N/A"),"N/A",J75*B75) -> 33774.089 | L75: =IF(OR(K75="N/A",K74="N/A"), "N/A", K75/K74-1) -> -0.0084762667 | M75: =IFERROR(_xlfn.XLOOKUP($A75,Cisco!A:A,Cisco!B:B),"N/A") -> 49.69 | N75: =IF(OR(M75="N/A",$B75="N/A"),"N/A",M75*$B75) -> 4482.8231 | O75: =IF(OR(N75="N/A",N74="N/A"),"N/A",N75/N74-1) -> -0.001213656 | P75: =IFERROR(_xlfn.XLOOKUP($A75,Disney!A:A,Disney!B:B),"N/A") -> 92.83 | Q75: =IF(OR(P75="N/A",$B75="N/A"),"N/A",P75*$B75) -> 8374.7327 | R75: =IF(OR(Q75="N/A",Q74="N/A"),"N/A",Q75/Q74-1) -> 0.010712713 | S75: =_xlfn.XLOOKUP(A75,FedEx!A:A,FedEx!B:B,"N/A") -> 273.83 | T75: =IF(OR(S75="N/A",$B75="N/A"),"N/A",S75*$B75) -> 24703.793 | U75: =IF(OR(T75="N/A",T74="N/A"),"N/A",T75/T74-1) -> -0.005471608 | V75: =_xlfn.XLOOKUP($A75,'General Motors'!A:A,'General Motors'!B:B,"N/A") -> 33.99 | W75: =IF(OR(V75="N/A",$B75="N/A"),"N/A",V75*$B75) -> 3066.435 | X75: =IF(OR(W75="N/A",W74="N/A"),"N/A",W75/W74-1) -> 0.0084617571 | Y75: =_xlfn.XLOOKUP($A75,Chevron!A:A,Chevron!B:B,"N/A") -> 144.61 | Z75: =IF(OR(Y75="N/A",$B75="N/A"),"N/A",Y75*$B75) -> 13046.107 | AA75: =IF(OR(Z75="N/A",Z74="N/A"),"N/A",Z75/Z74-1) -> 0.0062321199 | AB75: =_xlfn.XLOOKUP($A75,Boeing!A:A,Boeing!B:B,"N/A") -> 250.91 | AC75: =IF(OR(AB75="N/A",$B75="N/A"),"N/A",AB75*$B75) -> 22636.046 | AD75: =IF(OR(AC75="N/A",AC74="N/A"),"N/A",AC75/AC74-1) -> 0.00064298474 | AE75: =_xlfn.XLOOKUP(A75,Amazon!A:A,Amazon!B:B,"N/A") -> 148.84 | AF75: =IF(OR(AE75="N/A",$B75="N/A"),"N/A",AE75*$B75) -> 13427.72 | AG75: =IF(OR(AF75="N/A",AF74="N/A"),"N/A",AF75/AF74-1) -> 0.00069388734 | AH75: 1025480 | AI75: 424653.89 | AJ75: 0.00508563
A76: 45274 | B76: =_xlfn.XLOOKUP(A76,'USD RUB'!B:B,'USD RUB'!C:C,"N/A") -> 89.8926 | C76: =IFERROR(EXP(_xlfn.XLOOKUP(A76,'Bonds (CP)'!$A$4:$A$513,'Work Sheet'!$B$3:$B$512)/252)-1,"N/A") -> 0.4186205 | D76: =IFERROR(_xlfn.XLOOKUP($A76,Intel!$A$2:$A$502,Intel!$B$2:$B$502),"N/A") -> 45.18 | E76: =IF(OR(D76="N/A", $B76="N/A"),"N/A",D76*$B76) -> 4061.3477 | F76: =IF(E75="N/A", "N/A", IF(OR(E76="N/A",E75="N/A"),"N/A",E76/E75-1)) -> 0.010054783 | G76: =IFERROR(_xlfn.XLOOKUP(A76,Apple!A:A,Apple!B:B),"N/A") -> 198.11 | H76: =IF(OR(G76="N/A", B76="N/A"),"N/A",G76*$B76) -> 17808.623 | I76: =IF(OR(H76="N/A",H75="N/A"), "N/A", H76/H75-1) -> -0.0028275068 | J76: =IFERROR(_xlfn.XLOOKUP(A76,Microsoft!A:A,Microsoft!B:B),"N/A") -> 365.93 | K76: =IF(OR(J76="N/A",B76="N/A"),"N/A",J76*B76) -> 32894.399 | L76: =IF(OR(K76="N/A",K75="N/A"), "N/A", K76/K75-1) -> -0.026046296 | M76: =IFERROR(_xlfn.XLOOKUP($A76,Cisco!A:A,Cisco!B:B),"N/A") -> 49.44 | N76: =IF(OR(M76="N/A",$B76="N/A"),"N/A",M76*$B76) -> 4444.2901 | O76: =IF(OR(N76="N/A",N75="N/A"),"N/A",N76/N75-1) -> -0.0085956901 | P76: =IFERROR(_xlfn.XLOOKUP($A76,Disney!A:A,Disney!B:B),"N/A") -> 93.94 | Q76: =IF(OR(P76="N/A",$B76="N/A"),"N/A",P76*$B76) -> 8444.5108 | R76: =IF(OR(Q76="N/A",Q75="N/A"),"N/A",Q76/Q75-1) -> 0.0083319829 | S76: =_xlfn.XLOOKUP(A76,FedEx!A:A,FedEx!B:B,"N/A") -> 279.46 | T76: =IF(OR(S76="N/A",$B76="N/A"),"N/A",S76*$B76) -> 25121.386 | U76: =IF(OR(T76="N/A",T75="N/A"),"N/A",T76/T75-1) -> 0.016904023 | V76: =_xlfn.XLOOKUP($A76,'General Motors'!A:A,'General Motors'!B:B,"N/A") -> 36.25 | W76: =IF(OR(V76="N/A",$B76="N/A"),"N/A",V76*$B76) -> 3258.6067 | X76: =IF(OR(W76="N/A",W75="N/A"),"N/A",W76/W75-1) -> 0.062669421 | Y76: =_xlfn.XLOOKUP($A76,Chevron!A:A,Chevron!B:B,"N/A") -> 149.93 | Z76: =IF(OR(Y76="N/A",$B76="N/A"),"N/A",Y76*$B76) -> 13477.598 | AA76: =IF(OR(Z76="N/A",Z75="N/A"),"N/A",Z76/Z75-1) -> 0.033074287 | AB76: =_xlfn.XLOOKUP($A76,Boeing!A:A,Boeing!B:B,"N/A") -> 256.24 | AC76: =IF(OR(AB76="N/A",$B76="N/A"),"N/A",AB76*$B76) -> 23034.08 | AD76: =IF(OR(AC76="N/A",AC75="N/A"),"N/A",AC76/AC75-1) -> 0.017584053 | AE76: =_xlfn.XLOOKUP(A76,Amazon!A:A,Amazon!B:B,"N/A") -> 147.42 | AF76: =IF(OR(AE76="N/A",$B76="N/A"),"N/A",AE76*$B76) -> 13251.967 | AG76: =IF(OR(AF76="N/A",AF75="N/A"),"N/A",AF76/AF75-1) -> -0.013088788 | AH76: 4719.55 | AI76: 424252.62 | AJ76: -0.0009449
A77: 45275 | B77: =_xlfn.XLOOKUP(A77,'USD RUB'!B:B,'USD RUB'!C:C,"N/A") -> 89.6741 | C77: =IFERROR(EXP(_xlfn.XLOOKUP(A77,'Bonds (CP)'!$A$4:$A$513,'Work Sheet'!$B$3:$B$512)/252)-1,"N/A") -> 0.42252538 | D77: =IFERROR(_xlfn.XLOOKUP($A77,Intel!$A$2:$A$502,Intel!$B$2:$B$502),"N/A") -> 46.16 | E77: =IF(OR(D77="N/A", $B77="N/A"),"N/A",D77*$B77) -> 4139.3565 | F77: =IF(E76="N/A", "N/A", IF(OR(E77="N/A",E76="N/A"),"N/A",E77/E76-1)) -> 0.019207611 | G77: =IFERROR(_xlfn.XLOOKUP(A77,Apple!A:A,Apple!B:B),"N/A") -> 197.57 | H77: =IF(OR(G77="N/A", B77="N/A"),"N/A",G77*$B77) -> 17716.912 | I77: =IF(OR(H77="N/A",H76="N/A"), "N/A", H77/H76-1) -> -0.0051498114 | J77: =IFERROR(_xlfn.XLOOKUP(A77,Microsoft!A:A,Microsoft!B:B),"N/A") -> 370.73 | K77: =IF(OR(J77="N/A",B77="N/A"),"N/A",J77*B77) -> 33244.879 | L77: =IF(OR(K77="N/A",K76="N/A"), "N/A", K77/K76-1) -> 0.010654701 | M77: =IFERROR(_xlfn.XLOOKUP($A77,Cisco!A:A,Cisco!B:B),"N/A") -> 49.87 | N77: =IF(OR(M77="N/A",$B77="N/A"),"N/A",M77*$B77) -> 4472.0474 | O77: =IF(OR(N77="N/A",N76="N/A"),"N/A",N77/N76-1) -> 0.006245592 | P77: =IFERROR(_xlfn.XLOOKUP($A77,Disney!A:A,Disney!B:B),"N/A") -> 93.46 | Q77: =IF(OR(P77="N/A",$B77="N/A"),"N/A",P77*$B77) -> 8380.9414 | R77: =IF(OR(Q77="N/A",Q76="N/A"),"N/A",Q77/Q76-1) -> -0.0075279029 | S77: =_xlfn.XLOOKUP(A77,FedEx!A:A,FedEx!B:B,"N/A") -> 281.29 | T77: =IF(OR(S77="N/A",$B77="N/A"),"N/A",S77*$B77) -> 25224.428 | U77: =IF(OR(T77="N/A",T76="N/A"),"N/A",T77/T76-1) -> 0.0041017479 | V77: =_xlfn.XLOOKUP($A77,'General Motors'!A:A,'General Motors'!B:B,"N/A") -> 35.73 | W77: =IF(OR(V77="N/A",$B77="N/A"),"N/A",V77*$B77) -> 3204.0556 | X77: =IF(OR(W77="N/A",W76="N/A"),"N/A",W77/W76-1) -> -0.016740638 | Y77: =_xlfn.XLOOKUP($A77,Chevron!A:A,Chevron!B:B,"N/A") -> 149.35 | Z77: =IF(OR(Y77="N/A",$B77="N/A"),"N/A",Y77*$B77) -> 13392.827 | AA77: =IF(OR(Z77="N/A",Z76="N/A"),"N/A",Z77/Z76-1) -> -0.0062897473 | AB77: =_xlfn.XLOOKUP($A77,Boeing!A:A,Boeing!B:B,"N/A") -> 264.27 | AC77: =IF(OR(AB77="N/A",$B77="N/A"),"N/A",AB77*$B77) -> 23698.174 | AD77: =IF(OR(AC77="N/A",AC76="N/A"),"N/A",AC77/AC76-1) -> 0.028830958 | AE77: =_xlfn.XLOOKUP(A77,Amazon!A:A,Amazon!B:B,"N/A") -> 149.97 | AF77: =IF(OR(AE77="N/A",$B77="N/A"),"N/A",AE77*$B77) -> 13448.425 | AG77: =IF(OR(AF77="N/A",AF76="N/A"),"N/A",AF77/AF76-1) -> 0.014824794 | AH77: 4719.19 | AI77: 423189.12 | AJ77: -0.0025068
A78: 45276 | B78: =_xlfn.XLOOKUP(A78,'USD RUB'!B:B,'USD RUB'!C:C,"N/A") -> 89.6966 | C78: =IFERROR(EXP(_xlfn.XLOOKUP(A78,'Bonds (CP)'!$A$4:$A$513,'Work Sheet'!$B$3:$B$512)/252)-1,"N/A") -> N/A | D78: =IFERROR(_xlfn.XLOOKUP($A78,Intel!$A$2:$A$502,Intel!$B$2:$B$502),"N/A") -> N/A | E78: =IF(OR(D78="N/A", $B78="N/A"),"N/A",D78*$B78) -> N/A | F78: =IF(E77="N/A", "N/A", IF(OR(E78="N/A",E77="N/A"),"N/A",E78/E77-1)) -> N/A | G78: =IFERROR(_xlfn.XLOOKUP(A78,Apple!A:A,Apple!B:B),"N/A") -> N/A | H78: =IF(OR(G78="N/A", B78="N/A"),"N/A",G78*$B78) -> N/A | I78: =IF(OR(H78="N/A",H77="N/A"), "N/A", H78/H77-1) -> N/A | J78: =IFERROR(_xlfn.XLOOKUP(A78,Microsoft!A:A,Microsoft!B:B),"N/A") -> N/A | K78: =IF(OR(J78="N/A",B78="N/A"),"N/A",J78*B78) -> N/A | L78: =IF(OR(K78="N/A",K77="N/A"), "N/A", K78/K77-1) -> N/A | M78: =IFERROR(_xlfn.XLOOKUP($A78,Cisco!A:A,Cisco!B:B),"N/A") -> N/A | N78: =IF(OR(M78="N/A",$B78="N/A"),"N/A",M78*$B78) -> N/A | O78: =IF(OR(N78="N/A",N77="N/A"),"N/A",N78/N77-1) -> N/A | P78: =IFERROR(_xlfn.XLOOKUP($A78,Disney!A:A,Disney!B:B),"N/A") -> N/A | Q78: =IF(OR(P78="N/A",$B78="N/A"),"N/A",P78*$B78) -> N/A | R78: =IF(OR(Q78="N/A",Q77="N/A"),"N/A",Q78/Q77-1) -> N/A | S78: =_xlfn.XLOOKUP(A78,FedEx!A:A,FedEx!B:B,"N/A") -> N/A | T78: =IF(OR(S78="N/A",$B78="N/A"),"N/A",S78*$B78) -> N/A | U78: =IF(OR(T78="N/A",T77="N/A"),"N/A",T78/T77-1) -> N/A | V78: =_xlfn.XLOOKUP($A78,'General Motors'!A:A,'General Motors'!B:B,"N/A") -> N/A | W78: =IF(OR(V78="N/A",$B78="N/A"),"N/A",V78*$B78) -> N/A | X78: =IF(OR(W78="N/A",W77="N/A"),"N/A",W78/W77-1) -> N/A | Y78: =_xlfn.XLOOKUP($A78,Chevron!A:A,Chevron!B:B,"N/A") -> N/A | Z78: =IF(OR(Y78="N/A",$B78="N/A"),"N/A",Y78*$B78) -> N/A | AA78: =IF(OR(Z78="N/A",Z77="N/A"),"N/A",Z78/Z77-1) -> N/A | AB78: =_xlfn.XLOOKUP($A78,Boeing!A:A,Boeing!B:B,"N/A") -> N/A | AC78: =IF(OR(AB78="N/A",$B78="N/A"),"N/A",AB78*$B78) -> N/A | AD78: =IF(OR(AC78="N/A",AC77="N/A"),"N/A",AC78/AC77-1) -> N/A | AE78: =_xlfn.XLOOKUP(A78,Amazon!A:A,Amazon!B:B,"N/A") -> N/A | AF78: =IF(OR(AE78="N/A",$B78="N/A"),"N/A",AE78*$B78) -> N/A | AG78: =IF(OR(AF78="N/A",AF77="N/A"),"N/A",AF78/AF77-1) -> N/A | AH78: N/A | AI78: N/A | AJ78: N/A
A79: 45277 | B79: =_xlfn.XLOOKUP(A79,'USD RUB'!B:B,'USD RUB'!C:C,"N/A") -> N/A | C79: =IFERROR(EXP(_xlfn.XLOOKUP(A79,'Bonds (CP)'!$A$4:$A$513,'Work Sheet'!$B$3:$B$512)/252)-1,"N/A") -> N/A | D79: =IFERROR(_xlfn.XLOOKUP($A79,Intel!$A$2:$A$502,Intel!$B$2:$B$502),"N/A") -> N/A | E79: =IF(OR(D79="N/A", $B79="N/A"),"N/A",D79*$B79) -> N/A | F79: =IF(E78="N/A", "N/A", IF(OR(E79="N/A",E78="N/A"),"N/A",E79/E78-1)) -> N/A | G79: =IFERROR(_xlfn.XLOOKUP(A79,Apple!A:A,Apple!B:B),"N/A") -> N/A | H79: =IF(OR(G79="N/A", B79="N/A"),"N/A",G79*$B79) -> N/A | I79: =IF(OR(H79="N/A",H78="N/A"), "N/A", H79/H78-1) -> N/A | J79: =IFERROR(_xlfn.XLOOKUP(A79,Microsoft!A:A,Microsoft!B:B),"N/A") -> N/A | K79: =IF(OR(J79="N/A",B79="N/A"),"N/A",J79*B79) -> N/A | L79: =IF(OR(K79="N/A",K78="N/A"), "N/A", K79/K78-1) -> N/A | M79: =IFERROR(_xlfn.XLOOKUP($A79,Cisco!A:A,Cisco!B:B),"N/A") -> N/A | N79: =IF(OR(M79="N/A",$B79="N/A"),"N/A",M79*$B79) -> N/A | O79: =IF(OR(N79="N/A",N78="N/A"),"N/A",N79/N78-1) -> N/A | P79: =IFERROR(_xlfn.XLOOKUP($A79,Disney!A:A,Disney!B:B),"N/A") -> N/A | Q79: =IF(OR(P79="N/A",$B79="N/A"),"N/A",P79*$B79) -> N/A | R79: =IF(OR(Q79="N/A",Q78="N/A"),"N/A",Q79/Q78-1) -> N/A | S79: =_xlfn.XLOOKUP(A79,FedEx!A:A,FedEx!B:B,"N/A") -> N/A | T79: =IF(OR(S79="N/A",$B79="N/A"),"N/A",S79*$B79) -> N/A | U79: =IF(OR(T79="N/A",T78="N/A"),"N/A",T79/T78-1) -> N/A | V79: =_xlfn.XLOOKUP($A79,'General Motors'!A:A,'General Motors'!B:B,"N/A") -> N/A | W79: =IF(OR(V79="N/A",$B79="N/A"),"N/A",V79*$B79) -> N/A | X79: =IF(OR(W79="N/A",W78="N/A"),"N/A",W79/W78-1) -> N/A | Y79: =_xlfn.XLOOKUP($A79,Chevron!A:A,Chevron!B:B,"N/A") -> N/A | Z79: =IF(OR(Y79="N/A",$B79="N/A"),"N/A",Y79*$B79) -> N/A | AA79: =IF(OR(Z79="N/A",Z78="N/A"),"N/A",Z79/Z78-1) -> N/A | AB79: =_xlfn.XLOOKUP($A79,Boeing!A:A,Boeing!B:B,"N/A") -> N/A | AC79: =IF(OR(AB79="N/A",$B79="N/A"),"N/A",AB79*$B79) -> N/A | AD79: =IF(OR(AC79="N/A",AC78="N/A"),"N/A",AC79/AC78-1) -> N/A | AE79: =_xlfn.XLOOKUP(A79,Amazon!A:A,Amazon!B:B,"N/A") -> N/A | AF79: =IF(OR(AE79="N/A",$B79="N/A"),"N/A",AE79*$B79) -> N/A | AG79: =IF(OR(AF79="N/A",AF78="N/A"),"N/A",AF79/AF78-1) -> N/A | AH79: N/A | AI79: N/A | AJ79: N/A
A80: 45278 | B80: =_xlfn.XLOOKUP(A80,'USD RUB'!B:B,'USD RUB'!C:C,"N/A") -> N/A | C80: =IFERROR(EXP(_xlfn.XLOOKUP(A80,'Bonds (CP)'!$A$4:$A$513,'Work Sheet'!$B$3:$B$512)/252)-1,"N/A") -> N/A | D80: =IFERROR(_xlfn.XLOOKUP($A80,Intel!$A$2:$A$502,Intel!$B$2:$B$502),"N/A") -> 45.69 | E80: =IF(OR(D80="N/A", $B80="N/A"),"N/A",D80*$B80) -> N/A | F80: =IF(E79="N/A", "N/A", IF(OR(E80="N/A",E79="N/A"),"N/A",E80/E79-1)) -> N/A | G80: =IFERROR(_xlfn.XLOOKUP(A80,Apple!A:A,Apple!B:B),"N/A") -> 195.89 | H80: =IF(OR(G80="N/A", B80="N/A"),"N/A",G80*$B80) -> N/A | I80: =IF(OR(H80="N/A",H79="N/A"), "N/A", H80/H79-1) -> N/A | J80: =IFERROR(_xlfn.XLOOKUP(A80,Microsoft!A:A,Microsoft!B:B),"N/A") -> 372.65 | K80: =IF(OR(J80="N/A",B80="N/A"),"N/A",J80*B80) -> N/A | L80: =IF(OR(K80="N/A",K79="N/A"), "N/A", K80/K79-1) -> N/A | M80: =IFERROR(_xlfn.XLOOKUP($A80,Cisco!A:A,Cisco!B:B),"N/A") -> 50.24 | N80: =IF(OR(M80="N/A",$B80="N/A"),"N/A",M80*$B80) -> N/A | O80: =IF(OR(N80="N/A",N79="N/A"),"N/A",N80/N79-1) -> N/A | P80: =IFERROR(_xlfn.XLOOKUP($A80,Disney!A:A,Disney!B:B),"N/A") -> 92.86 | Q80: =IF(OR(P80="N/A",$B80="N/A"),"N/A",P80*$B80) -> N/A | R80: =IF(OR(Q80="N/A",Q79="N/A"),"N/A",Q80/Q79-1) -> N/A | S80: =_xlfn.XLOOKUP(A80,FedEx!A:A,FedEx!B:B,"N/A") -> 281.92 | T80: =IF(OR(S80="N/A",$B80="N/A"),"N/A",S80*$B80) -> N/A | U80: =IF(OR(T80="N/A",T79="N/A"),"N/A",T80/T79-1) -> N/A | V80: =_xlfn.XLOOKUP($A80,'General Motors'!A:A,'General Motors'!B:B,"N/A") -> 35.44 | W80: =IF(OR(V80="N/A",$B80="N/A"),"N/A",V80*$B80) -> N/A | X80: =IF(OR(W80="N/A",W79="N/A"),"N/A",W80/W79-1) -> N/A | Y80: =_xlfn.XLOOKUP($A80,Chevron!A:A,Chevron!B:B,"N/A") -> 149.68 | Z80: =IF(OR(Y80="N/A",$B80="N/A"),"N/A",Y80*$B80) -> N/A | AA80: =IF(OR(Z80="N/A",Z79="N/A"),"N/A",Z80/Z79-1) -> N/A | AB80: =_xlfn.XLOOKUP($A80,Boeing!A:A,Boeing!B:B,"N/A") -> 260.41 | AC80: =IF(OR(AB80="N/A",$B80="N/A"),"N/A",AB80*$B80) -> N/A | AD80: =IF(OR(AC80="N/A",AC79="N/A"),"N/A",AC80/AC79-1) -> N/A | AE80: =_xlfn.XLOOKUP(A80,Amazon!A:A,Amazon!B:B,"N/A") -> 154.07 | AF80: =IF(OR(AE80="N/A",$B80="N/A"),"N/A",AE80*$B80) -> N/A | AG80: =IF(OR(AF80="N/A",AF79="N/A"),"N/A",AF80/AF79-1) -> N/A | AH80: 4740.56 | AI80: N/A | AJ80: N/A
A81: 45279 | B81: =_xlfn.XLOOKUP(A81,'USD RUB'!B:B,'USD RUB'!C:C,"N/A") -> 90.4162 | C81: =IFERROR(EXP(_xlfn.XLOOKUP(A81,'Bonds (CP)'!$A$4:$A$513,'Work Sheet'!$B$3:$B$512)/252)-1,"N/A") -> N/A | D81: =IFERROR(_xlfn.XLOOKUP($A81,Intel!$A$2:$A$502,Intel!$B$2:$B$502),"N/A") -> 46.66 | E81: =IF(OR(D81="N/A", $B81="N/A"),"N/A",D81*$B81) -> 4218.8199 | F81: =IF(E80="N/A", "N/A", IF(OR(E81="N/A",E80="N/A"),"N/A",E81/E80-1)) -> N/A | G81: =IFERROR(_xlfn.XLOOKUP(A81,Apple!A:A,Apple!B:B),"N/A") -> 196.94 | H81: =IF(OR(G81="N/A", B81="N/A"),"N/A",G81*$B81) -> 17806.566 | I81: =IF(OR(H81="N/A",H80="N/A"), "N/A", H81/H80-1) -> N/A | J81: =IFERROR(_xlfn.XLOOKUP(A81,Microsoft!A:A,Microsoft!B:B),"N/A") -> 373.26 | K81: =IF(OR(J81="N/A",B81="N/A"),"N/A",J81*B81) -> 33748.751 | L81: =IF(OR(K81="N/A",K80="N/A"), "N/A", K81/K80-1) -> N/A | M81: =IFERROR(_xlfn.XLOOKUP($A81,Cisco!A:A,Cisco!B:B),"N/A") -> 50.18 | N81: =IF(OR(M81="N/A",$B81="N/A"),"N/A",M81*$B81) -> 4537.0849 | O81: =IF(OR(N81="N/A",N80="N/A"),"N/A",N81/N80-1) -> N/A | P81: =IFERROR(_xlfn.XLOOKUP($A81,Disney!A:A,Disney!B:B),"N/A") -> 93.93 | Q81: =IF(OR(P81="N/A",$B81="N/A"),"N/A",P81*$B81) -> 8492.7937 | R81: =IF(OR(Q81="N/A",Q80="N/A"),"N/A",Q81/Q80-1) -> N/A | S81: =_xlfn.XLOOKUP(A81,FedEx!A:A,FedEx!B:B,"N/A") -> 280 | T81: =IF(OR(S81="N/A",$B81="N/A"),"N/A",S81*$B81) -> 25316.536 | U81: =IF(OR(T81="N/A",T80="N/A"),"N/A",T81/T80-1) -> N/A | V81: =_xlfn.XLOOKUP($A81,'General Motors'!A:A,'General Motors'!B:B,"N/A") -> 35.87 | W81: =IF(OR(V81="N/A",$B81="N/A"),"N/A",V81*$B81) -> 3243.2291 | X81: =IF(OR(W81="N/A",W80="N/A"),"N/A",W81/W80-1) -> N/A | Y81: =_xlfn.XLOOKUP($A81,Chevron!A:A,Chevron!B:B,"N/A") -> 151.64 | Z81: =IF(OR(Y81="N/A",$B81="N/A"),"N/A",Y81*$B81) -> 13710.713 | AA81: =IF(OR(Z81="N/A",Z80="N/A"),"N/A",Z81/Z80-1) -> N/A | AB81: =_xlfn.XLOOKUP($A81,Boeing!A:A,Boeing!B:B,"N/A") -> 263.51 | AC81: =IF(OR(AB81="N/A",$B81="N/A"),"N/A",AB81*$B81) -> 23825.573 | AD81: =IF(OR(AC81="N/A",AC80="N/A"),"N/A",AC81/AC80-1) -> N/A | AE81: =_xlfn.XLOOKUP(A81,Amazon!A:A,Amazon!B:B,"N/A") -> 153.79 | AF81: =IF(OR(AE81="N/A",$B81="N/A"),"N/A",AE81*$B81) -> 13905.107 | AG81: =IF(OR(AF81="N/A",AF80="N/A"),"N/A",AF81/AF80-1) -> N/A | AH81: 4768.37 | AI81: 431137.9 | AJ81: N/A
A82: 45280 | B82: =_xlfn.XLOOKUP(A82,'USD RUB'!B:B,'USD RUB'!C:C,"N/A") -> 90.087 | C82: =IFERROR(EXP(_xlfn.XLOOKUP(A82,'Bonds (CP)'!$A$4:$A$513,'Work Sheet'!$B$3:$B$512)/252)-1,"N/A") -> 0.42191134 | D82: =IFERROR(_xlfn.XLOOKUP($A82,Intel!$A$2:$A$502,Intel!$B$2:$B$502),"N/A") -> 45.76 | E82: =IF(OR(D82="N/A", $B82="N/A"),"N/A",D82*$B82) -> 4122.3811 | F82: =IF(E81="N/A", "N/A", IF(OR(E82="N/A",E81="N/A"),"N/A",E82/E81-1)) -> -0.022859182 | G82: =IFERROR(_xlfn.XLOOKUP(A82,Apple!A:A,Apple!B:B),"N/A") -> 194.83 | H82: =IF(OR(G82="N/A", B82="N/A"),"N/A",G82*$B82) -> 17551.65 | I82: =IF(OR(H82="N/A",H81="N/A"), "N/A", H82/H81-1) -> -0.014315855 | J82: =IFERROR(_xlfn.XLOOKUP(A82,Microsoft!A:A,Microsoft!B:B),"N/A") -> 370.62 | K82: =IF(OR(J82="N/A",B82="N/A"),"N/A",J82*B82) -> 33388.044 | L82: =IF(OR(K82="N/A",K81="N/A"), "N/A", K82/K81-1) -> -0.010688007 | M82: =IFERROR(_xlfn.XLOOKUP($A82,Cisco!A:A,Cisco!B:B),"N/A") -> 49.8 | N82: =IF(OR(M82="N/A",$B82="N/A"),"N/A",M82*$B82) -> 4486.3326 | O82: =IF(OR(N82="N/A",N81="N/A"),"N/A",N82/N81-1) -> -0.011186107 | P82: =IFERROR(_xlfn.XLOOKUP($A82,Disney!A:A,Disney!B:B),"N/A") -> 91.27 | Q82: =IF(OR(P82="N/A",$B82="N/A"),"N/A",P82*$B82) -> 8222.2405 | R82: =IF(OR(Q82="N/A",Q81="N/A"),"N/A",Q82/Q81-1) -> -0.031856794 | S82: =_xlfn.XLOOKUP(A82,FedEx!A:A,FedEx!B:B,"N/A") -> 246.25 | T82: =IF(OR(S82="N/A",$B82="N/A"),"N/A",S82*$B82) -> 22183.924 | U82: =IF(OR(T82="N/A",T81="N/A"),"N/A",T82/T81-1) -> -0.12373779 | V82: =_xlfn.XLOOKUP($A82,'General Motors'!A:A,'General Motors'!B:B,"N/A") -> 35.47 | W82: =IF(OR(V82="N/A",$B82="N/A"),"N/A",V82*$B82) -> 3195.3859 | X82: =IF(OR(W82="N/A",W81="N/A"),"N/A",W82/W81-1) -> -0.014751719 | Y82: =_xlfn.XLOOKUP($A82,Chevron!A:A,Chevron!B:B,"N/A") -> 150.25 | Z82: =IF(OR(Y82="N/A",$B82="N/A"),"N/A",Y82*$B82) -> 13535.572 | AA82: =IF(OR(Z82="N/A",Z81="N/A"),"N/A",Z82/Z81-1) -> -0.012774013 | AB82: =_xlfn.XLOOKUP($A82,Boeing!A:A,Boeing!B:B,"N/A") -> 260.25 | AC82: =IF(OR(AB82="N/A",$B82="N/A"),"N/A",AB82*$B82) -> 23445.142 | AD82: =IF(OR(AC82="N/A",AC81="N/A"),"N/A",AC82/AC81-1) -> -0.015967344 | AE82: =_xlfn.XLOOKUP(A82,Amazon!A:A,Amazon!B:B,"N/A") -> 152.12 | AF82: =IF(OR(AE82="N/A",$B82="N/A"),"N/A",AE82*$B82) -> 13704.034 | AG82: =IF(OR(AF82="N/A",AF81="N/A"),"N/A",AF82/AF81-1) -> -0.014460367 | AH82: 4698.35 | AI82: 423260.26 | AJ82: -0.0182717
A83: 45281 | B83: =_xlfn.XLOOKUP(A83,'USD RUB'!B:B,'USD RUB'!C:C,"N/A") -> 90.4056 | C83: =IFERROR(EXP(_xlfn.XLOOKUP(A83,'Bonds (CP)'!$A$4:$A$513,'Work Sheet'!$B$3:$B$512)/252)-1,"N/A") -> 0.42137936 | D83: =IFERROR(_xlfn.XLOOKUP($A83,Intel!$A$2:$A$502,Intel!$B$2:$B$502),"N/A") -> 47.08 | E83: =IF(OR(D83="N/A", $B83="N/A"),"N/A",D83*$B83) -> 4256.2956 | F83: =IF(E82="N/A", "N/A", IF(OR(E83="N/A",E82="N/A"),"N/A",E83/E82-1)) -> 0.032484752 | G83: =IFERROR(_xlfn.XLOOKUP(A83,Apple!A:A,Apple!B:B),"N/A") -> 194.68 | H83: =IF(OR(G83="N/A", B83="N/A"),"N/A",G83*$B83) -> 17600.162 | I83: =IF(OR(H83="N/A",H82="N/A"), "N/A", H83/H82-1) -> 0.0027639565 | J83: =IFERROR(_xlfn.XLOOKUP(A83,Microsoft!A:A,Microsoft!B:B),"N/A") -> 373.54 | K83: =IF(OR(J83="N/A",B83="N/A"),"N/A",J83*B83) -> 33770.108 | L83: =IF(OR(K83="N/A",K82="N/A"), "N/A", K83/K82-1) -> 0.011443135 | M83: =IFERROR(_xlfn.XLOOKUP($A83,Cisco!A:A,Cisco!B:B),"N/A") -> 49.7 | N83: =IF(OR(M83="N/A",$B83="N/A"),"N/A",M83*$B83) -> 4493.1583 | O83: =IF(OR(N83="N/A",N82="N/A"),"N/A",N83/N82-1) -> 0.0015214476 | P83: =IFERROR(_xlfn.XLOOKUP($A83,Disney!A:A,Disney!B:B),"N/A") -> 92.02 | Q83: =IF(OR(P83="N/A",$B83="N/A"),"N/A",P83*$B83) -> 8319.1233 | R83: =IF(OR(Q83="N/A",Q82="N/A"),"N/A",Q83/Q82-1) -> 0.01178302 | S83: =_xlfn.XLOOKUP(A83,FedEx!A:A,FedEx!B:B,"N/A") -> 247.36 | T83: =IF(OR(S83="N/A",$B83="N/A"),"N/A",S83*$B83) -> 22362.729 | U83: =IF(OR(T83="N/A",T82="N/A"),"N/A",T83/T82-1) -> 0.0080601371 | V83: =_xlfn.XLOOKUP($A83,'General Motors'!A:A,'General Motors'!B:B,"N/A") -> 36.25 | W83: =IF(OR(V83="N/A",$B83="N/A"),"N/A",V83*$B83) -> 3277.203 | X83: =IF(OR(W83="N/A",W82="N/A"),"N/A",W83/W82-1) -> 0.025604767 | Y83: =_xlfn.XLOOKUP($A83,Chevron!A:A,Chevron!B:B,"N/A") -> 150.71 | Z83: =IF(OR(Y83="N/A",$B83="N/A"),"N/A",Y83*$B83) -> 13625.028 | AA83: =IF(OR(Z83="N/A",Z82="N/A"),"N/A",Z83/Z82-1) -> 0.0066089728 | AB83: =_xlfn.XLOOKUP($A83,Boeing!A:A,Boeing!B:B,"N/A") -> 262.02 | AC83: =IF(OR(AB83="N/A",$B83="N/A"),"N/A",AB83*$B83) -> 23688.075 | AD83: =IF(OR(AC83="N/A",AC82="N/A"),"N/A",AC83/AC82-1) -> 0.010361787 | AE83: =_xlfn.XLOOKUP(A83,Amazon!A:A,Amazon!B:B,"N/A") -> 153.84 | AF83: =IF(OR(AE83="N/A",$B83="N/A"),"N/A",AE83*$B83) -> 13907.998 | AG83: =IF(OR(AF83="N/A",AF82="N/A"),"N/A",AF83/AF82-1) -> 0.014883432 | AH83: 4746.75 | AI83: 429132.78 | AJ83: 0.0138745
A84: 45282 | B84: =_xlfn.XLOOKUP(A84,'USD RUB'!B:B,'USD RUB'!C:C,"N/A") -> 91.7062 | C84: =IFERROR(EXP(_xlfn.XLOOKUP(A84,'Bonds (CP)'!$A$4:$A$513,'Work Sheet'!$B$3:$B$512)/252)-1,"N/A") -> 0.4229251 | D84: =IFERROR(_xlfn.XLOOKUP($A84,Intel!$A$2:$A$502,Intel!$B$2:$B$502),"N/A") -> 48 | E84: =IF(OR(D84="N/A", $B84="N/A"),"N/A",D84*$B84) -> 4401.8976 | F84: =IF(E83="N/A", "N/A", IF(OR(E84="N/A",E83="N/A"),"N/A",E84/E83-1)) -> 0.034208609 | G84: =IFERROR(_xlfn.XLOOKUP(A84,Apple!A:A,Apple!B:B),"N/A") -> 193.6 | H84: =IF(OR(G84="N/A", B84="N/A"),"N/A",G84*$B84) -> 17754.32 | I84: =IF(OR(H84="N/A",H83="N/A"), "N/A", H84/H83-1) -> 0.0087589029 | J84: =IFERROR(_xlfn.XLOOKUP(A84,Microsoft!A:A,Microsoft!B:B),"N/A") -> 374.58 | K84: =IF(OR(J84="N/A",B84="N/A"),"N/A",J84*B84) -> 34351.308 | L84: =IF(OR(K84="N/A",K83="N/A"), "N/A", K84/K83-1) -> 0.017210504 | M84: =IFERROR(_xlfn.XLOOKUP($A84,Cisco!A:A,Cisco!B:B),"N/A") -> 50.09 | N84: =IF(OR(M84="N/A",$B84="N/A"),"N/A",M84*$B84) -> 4593.5636 | O84: =IF(OR(N84="N/A",N83="N/A"),"N/A",N84/N83-1) -> 0.02234625 | P84: =IFERROR(_xlfn.XLOOKUP($A84,Disney!A:A,Disney!B:B),"N/A") -> 91.02 | Q84: =IF(OR(P84="N/A",$B84="N/A"),"N/A",P84*$B84) -> 8347.0983 | R84: =IF(OR(Q84="N/A",Q83="N/A"),"N/A",Q84/Q83-1) -> 0.0033627356 | S84: =_xlfn.XLOOKUP(A84,FedEx!A:A,FedEx!B:B,"N/A") -> 248.03 | T84: =IF(OR(S84="N/A",$B84="N/A"),"N/A",S84*$B84) -> 22745.889 | U84: =IF(OR(T84="N/A",T83="N/A"),"N/A",T84/T83-1) -> 0.017133847 | V84: =_xlfn.XLOOKUP($A84,'General Motors'!A:A,'General Motors'!B:B,"N/A") -> 36.02 | W84: =IF(OR(V84="N/A",$B84="N/A"),"N/A",V84*$B84) -> 3303.2573 | X84: =IF(OR(W84="N/A",W83="N/A"),"N/A",W84/W83-1) -> 0.0079501709 | Y84: =_xlfn.XLOOKUP($A84,Chevron!A:A,Chevron!B:B,"N/A") -> 151.05 | Z84: =IF(OR(Y84="N/A",$B84="N/A"),"N/A",Y84*$B84) -> 13852.222 | AA84: =IF(OR(Z84="N/A",Z83="N/A"),"N/A",Z84/Z83-1) -> 0.016674721 | AB84: =_xlfn.XLOOKUP($A84,Boeing!A:A,Boeing!B:B,"N/A") -> 260.44 | AC84: =IF(OR(AB84="N/A",$B84="N/A"),"N/A",AB84*$B84) -> 23883.963 | AD84: =IF(OR(AC84="N/A",AC83="N/A"),"N/A",AC84/AC83-1) -> 0.0082694526 | AE84: =_xlfn.XLOOKUP(A84,Amazon!A:A,Amazon!B:B,"N/A") -> 153.42 | AF84: =IF(OR(AE84="N/A",$B84="N/A"),"N/A",AE84*$B84) -> 14069.565 | AG84: =IF(OR(AF84="N/A",AF83="N/A"),"N/A",AF84/AF83-1) -> 0.011616892 | AH84: 4754.63 | AI84: 436029.05 | AJ84: 0.01607024
A85: 45283 | B85: =_xlfn.XLOOKUP(A85,'USD RUB'!B:B,'USD RUB'!C:C,"N/A") -> 91.9389 | C85: =IFERROR(EXP(_xlfn.XLOOKUP(A85,'Bonds (CP)'!$A$4:$A$513,'Work Sheet'!$B$3:$B$512)/252)-1,"N/A") -> N/A | D85: =IFERROR(_xlfn.XLOOKUP($A85,Intel!$A$2:$A$502,Intel!$B$2:$B$502),"N/A") -> N/A | E85: =IF(OR(D85="N/A", $B85="N/A"),"N/A",D85*$B85) -> N/A | F85: =IF(E84="N/A", "N/A", IF(OR(E85="N/A",E84="N/A"),"N/A",E85/E84-1)) -> N/A | G85: =IFERROR(_xlfn.XLOOKUP(A85,Apple!A:A,Apple!B:B),"N/A") -> N/A | H85: =IF(OR(G85="N/A", B85="N/A"),"N/A",G85*$B85) -> N/A | I85: =IF(OR(H85="N/A",H84="N/A"), "N/A", H85/H84-1) -> N/A | J85: =IFERROR(_xlfn.XLOOKUP(A85,Microsoft!A:A,Microsoft!B:B),"N/A") -> N/A | K85: =IF(OR(J85="N/A",B85="N/A"),"N/A",J85*B85) -> N/A | L85: =IF(OR(K85="N/A",K84="N/A"), "N/A", K85/K84-1) -> N/A | M85: =IFERROR(_xlfn.XLOOKUP($A85,Cisco!A:A,Cisco!B:B),"N/A") -> N/A | N85: =IF(OR(M85="N/A",$B85="N/A"),"N/A",M85*$B85) -> N/A | O85: =IF(OR(N85="N/A",N84="N/A"),"N/A",N85/N84-1) -> N/A | P85: =IFERROR(_xlfn.XLOOKUP($A85,Disney!A:A,Disney!B:B),"N/A") -> N/A | Q85: =IF(OR(P85="N/A",$B85="N/A"),"N/A",P85*$B85) -> N/A | R85: =IF(OR(Q85="N/A",Q84="N/A"),"N/A",Q85/Q84-1) -> N/A | S85: =_xlfn.XLOOKUP(A85,FedEx!A:A,FedEx!B:B,"N/A") -> N/A | T85: =IF(OR(S85="N/A",$B85="N/A"),"N/A",S85*$B85) -> N/A | U85: =IF(OR(T85="N/A",T84="N/A"),"N/A",T85/T84-1) -> N/A | V85: =_xlfn.XLOOKUP($A85,'General Motors'!A:A,'General Motors'!B:B,"N/A") -> N/A | W85: =IF(OR(V85="N/A",$B85="N/A"),"N/A",V85*$B85) -> N/A | X85: =IF(OR(W85="N/A",W84="N/A"),"N/A",W85/W84-1) -> N/A | Y85: =_xlfn.XLOOKUP($A85,Chevron!A:A,Chevron!B:B,"N/A") -> N/A | Z85: =IF(OR(Y85="N/A",$B85="N/A"),"N/A",Y85*$B85) -> N/A | AA85: =IF(OR(Z85="N/A",Z84="N/A"),"N/A",Z85/Z84-1) -> N/A | AB85: =_xlfn.XLOOKUP($A85,Boeing!A:A,Boeing!B:B,"N/A") -> N/A | AC85: =IF(OR(AB85="N/A",$B85="N/A"),"N/A",AB85*$B85) -> N/A | AD85: =IF(OR(AC85="N/A",AC84="N/A"),"N/A",AC85/AC84-1) -> N/A | AE85: =_xlfn.XLOOKUP(A85,Amazon!A:A,Amazon!B:B,"N/A") -> N/A | AF85: =IF(OR(AE85="N/A",$B85="N/A"),"N/A",AE85*$B85) -> N/A | AG85: =IF(OR(AF85="N/A",AF84="N/A"),"N/A",AF85/AF84-1) -> N/A | AH85: N/A | AI85: N/A | AJ85: N/A
A86: 45284 | B86: =_xlfn.XLOOKUP(A86,'USD RUB'!B:B,'USD RUB'!C:C,"N/A") -> N/A | C86: =IFERROR(EXP(_xlfn.XLOOKUP(A86,'Bonds (CP)'!$A$4:$A$513,'Work Sheet'!$B$3:$B$512)/252)-1,"N/A") -> N/A | D86: =IFERROR(_xlfn.XLOOKUP($A86,Intel!$A$2:$A$502,Intel!$B$2:$B$502),"N/A") -> N/A | E86: =IF(OR(D86="N/A", $B86="N/A"),"N/A",D86*$B86) -> N/A | F86: =IF(E85="N/A", "N/A", IF(OR(E86="N/A",E85="N/A"),"N/A",E86/E85-1)) -> N/A | G86: =IFERROR(_xlfn.XLOOKUP(A86,Apple!A:A,Apple!B:B),"N/A") -> N/A | H86: =IF(OR(G86="N/A", B86="N/A"),"N/A",G86*$B86) -> N/A | I86: =IF(OR(H86="N/A",H85="N/A"), "N/A", H86/H85-1) -> N/A | J86: =IFERROR(_xlfn.XLOOKUP(A86,Microsoft!A:A,Microsoft!B:B),"N/A") -> N/A | K86: =IF(OR(J86="N/A",B86="N/A"),"N/A",J86*B86) -> N/A | L86: =IF(OR(K86="N/A",K85="N/A"), "N/A", K86/K85-1) -> N/A | M86: =IFERROR(_xlfn.XLOOKUP($A86,Cisco!A:A,Cisco!B:B),"N/A") -> N/A | N86: =IF(OR(M86="N/A",$B86="N/A"),"N/A",M86*$B86) -> N/A | O86: =IF(OR(N86="N/A",N85="N/A"),"N/A",N86/N85-1) -> N/A | P86: =IFERROR(_xlfn.XLOOKUP($A86,Disney!A:A,Disney!B:B),"N/A") -> N/A | Q86: =IF(OR(P86="N/A",$B86="N/A"),"N/A",P86*$B86) -> N/A | R86: =IF(OR(Q86="N/A",Q85="N/A"),"N/A",Q86/Q85-1) -> N/A | S86: =_xlfn.XLOOKUP(A86,FedEx!A:A,FedEx!B:B,"N/A") -> N/A | T86: =IF(OR(S86="N/A",$B86="N/A"),"N/A",S86*$B86) -> N/A | U86: =IF(OR(T86="N/A",T85="N/A"),"N/A",T86/T85-1) -> N/A | V86: =_xlfn.XLOOKUP($A86,'General Motors'!A:A,'General Motors'!B:B,"N/A") -> N/A | W86: =IF(OR(V86="N/A",$B86="N/A"),"N/A",V86*$B86) -> N/A | X86: =IF(OR(W86="N/A",W85="N/A"),"N/A",W86/W85-1) -> N/A | Y86: =_xlfn.XLOOKUP($A86,Chevron!A:A,Chevron!B:B,"N/A") -> N/A | Z86: =IF(OR(Y86="N/A",$B86="N/A"),"N/A",Y86*$B86) -> N/A | AA86: =IF(OR(Z86="N/A",Z85="N/A"),"N/A",Z86/Z85-1) -> N/A | AB86: =_xlfn.XLOOKUP($A86,Boeing!A:A,Boeing!B:B,"N/A") -> N/A | AC86: =IF(OR(AB86="N/A",$B86="N/A"),"N/A",AB86*$B86) -> N/A | AD86: =IF(OR(AC86="N/A",AC85="N/A"),"N/A",AC86/AC85-1) -> N/A | AE86: =_xlfn.XLOOKUP(A86,Amazon!A:A,Amazon!B:B,"N/A") -> N/A | AF86: =IF(OR(AE86="N/A",$B86="N/A"),"N/A",AE86*$B86) -> N/A | AG86: =IF(OR(AF86="N/A",AF85="N/A"),"N/A",AF86/AF85-1) -> N/A | AH86: N/A | AI86: N/A | AJ86: N/A
A87: 45285 | B87: =_xlfn.XLOOKUP(A87,'USD RUB'!B:B,'USD RUB'!C:C,"N/A") -> N/A | C87: =IFERROR(EXP(_xlfn.XLOOKUP(A87,'Bonds (CP)'!$A$4:$A$513,'Work Sheet'!$B$3:$B$512)/252)-1,"N/A") -> 0.42121974 | D87: =IFERROR(_xlfn.XLOOKUP($A87,Intel!$A$2:$A$502,Intel!$B$2:$B$502),"N/A") -> N/A | E87: =IF(OR(D87="N/A", $B87="N/A"),"N/A",D87*$B87) -> N/A | F87: =IF(E86="N/A", "N/A", IF(OR(E87="N/A",E86="N/A"),"N/A",E87/E86-1)) -> N/A | G87: =IFERROR(_xlfn.XLOOKUP(A87,Apple!A:A,Apple!B:B),"N/A") -> N/A | H87: =IF(OR(G87="N/A", B87="N/A"),"N/A",G87*$B87) -> N/A | I87: =IF(OR(H87="N/A",H86="N/A"), "N/A", H87/H86-1) -> N/A | J87: =IFERROR(_xlfn.XLOOKUP(A87,Microsoft!A:A,Microsoft!B:B),"N/A") -> N/A | K87: =IF(OR(J87="N/A",B87="N/A"),"N/A",J87*B87) -> N/A | L87: =IF(OR(K87="N/A",K86="N/A"), "N/A", K87/K86-1) -> N/A | M87: =IFERROR(_xlfn.XLOOKUP($A87,Cisco!A:A,Cisco!B:B),"N/A") -> N/A | N87: =IF(OR(M87="N/A",$B87="N/A"),"N/A",M87*$B87) -> N/A | O87: =IF(OR(N87="N/A",N86="N/A"),"N/A",N87/N86-1) -> N/A | P87: =IFERROR(_xlfn.XLOOKUP($A87,Disney!A:A,Disney!B:B),"N/A") -> N/A | Q87: =IF(OR(P87="N/A",$B87="N/A"),"N/A",P87*$B87) -> N/A | R87: =IF(OR(Q87="N/A",Q86="N/A"),"N/A",Q87/Q86-1) -> N/A | S87: =_xlfn.XLOOKUP(A87,FedEx!A:A,FedEx!B:B,"N/A") -> N/A | T87: =IF(OR(S87="N/A",$B87="N/A"),"N/A",S87*$B87) -> N/A | U87: =IF(OR(T87="N/A",T86="N/A"),"N/A",T87/T86-1) -> N/A | V87: =_xlfn.XLOOKUP($A87,'General Motors'!A:A,'General Motors'!B:B,"N/A") -> N/A | W87: =IF(OR(V87="N/A",$B87="N/A"),"N/A",V87*$B87) -> N/A | X87: =IF(OR(W87="N/A",W86="N/A"),"N/A",W87/W86-1) -> N/A | Y87: =_xlfn.XLOOKUP($A87,Chevron!A:A,Chevron!B:B,"N/A") -> N/A | Z87: =IF(OR(Y87="N/A",$B87="N/A"),"N/A",Y87*$B87) -> N/A | AA87: =IF(OR(Z87="N/A",Z86="N/A"),"N/A",Z87/Z86-1) -> N/A | AB87: =_xlfn.XLOOKUP($A87,Boeing!A:A,Boeing!B:B,"N/A") -> N/A | AC87: =IF(OR(AB87="N/A",$B87="N/A"),"N/A",AB87*$B87) -> N/A | AD87: =IF(OR(AC87="N/A",AC86="N/A"),"N/A",AC87/AC86-1) -> N/A | AE87: =_xlfn.XLOOKUP(A87,Amazon!A:A,Amazon!B:B,"N/A") -> N/A | AF87: =IF(OR(AE87="N/A",$B87="N/A"),"N/A",AE87*$B87) -> N/A | AG87: =IF(OR(AF87="N/A",AF86="N/A"),"N/A",AF87/AF86-1) -> N/A | AH87: N/A | AI87: N/A | AJ87: N/A
A88: 45286 | B88: =_xlfn.XLOOKUP(A88,'USD RUB'!B:B,'USD RUB'!C:C,"N/A") -> 91.969 | C88: =IFERROR(EXP(_xlfn.XLOOKUP(A88,'Bonds (CP)'!$A$4:$A$513,'Work Sheet'!$B$3:$B$512)/252)-1,"N/A") -> 0.42789027 | D88: =IFERROR(_xlfn.XLOOKUP($A88,Intel!$A$2:$A$502,Intel!$B$2:$B$502),"N/A") -> 50.5 | E88: =IF(OR(D88="N/A", $B88="N/A"),"N/A",D88*$B88) -> 4644.4345 | F88: =IF(E87="N/A", "N/A", IF(OR(E88="N/A",E87="N/A"),"N/A",E88/E87-1)) -> N/A | G88: =IFERROR(_xlfn.XLOOKUP(A88,Apple!A:A,Apple!B:B),"N/A") -> 193.05 | H88: =IF(OR(G88="N/A", B88="N/A"),"N/A",G88*$B88) -> 17754.615 | I88: =IF(OR(H88="N/A",H87="N/A"), "N/A", H88/H87-1) -> N/A | J88: =IFERROR(_xlfn.XLOOKUP(A88,Microsoft!A:A,Microsoft!B:B),"N/A") -> 374.66 | K88: =IF(OR(J88="N/A",B88="N/A"),"N/A",J88*B88) -> 34457.106 | L88: =IF(OR(K88="N/A",K87="N/A"), "N/A", K88/K87-1) -> N/A | M88: =IFERROR(_xlfn.XLOOKUP($A88,Cisco!A:A,Cisco!B:B),"N/A") -> 50.28 | N88: =IF(OR(M88="N/A",$B88="N/A"),"N/A",M88*$B88) -> 4624.2013 | O88: =IF(OR(N88="N/A",N87="N/A"),"N/A",N88/N87-1) -> N/A | P88: =IFERROR(_xlfn.XLOOKUP($A88,Disney!A:A,Disney!B:B),"N/A") -> 90.95 | Q88: =IF(OR(P88="N/A",$B88="N/A"),"N/A",P88*$B88) -> 8364.5806 | R88: =IF(OR(Q88="N/A",Q87="N/A"),"N/A",Q88/Q87-1) -> N/A | S88: =_xlfn.XLOOKUP(A88,FedEx!A:A,FedEx!B:B,"N/A") -> 251.99 | T88: =IF(OR(S88="N/A",$B88="N/A"),"N/A",S88*$B88) -> 23175.268 | U88: =IF(OR(T88="N/A",T87="N/A"),"N/A",T88/T87-1) -> N/A | V88: =_xlfn.XLOOKUP($A88,'General Motors'!A:A,'General Motors'!B:B,"N/A") -> 36.13 | W88: =IF(OR(V88="N/A",$B88="N/A"),"N/A",V88*$B88) -> 3322.84 | X88: =IF(OR(W88="N/A",W87="N/A"),"N/A",W88/W87-1) -> N/A | Y88: =_xlfn.XLOOKUP($A88,Chevron!A:A,Chevron!B:B,"N/A") -> 152.41 | Z88: =IF(OR(Y88="N/A",$B88="N/A"),"N/A",Y88*$B88) -> 14016.995 | AA88: =IF(OR(Z88="N/A",Z87="N/A"),"N/A",Z88/Z87-1) -> N/A | AB88: =_xlfn.XLOOKUP($A88,Boeing!A:A,Boeing!B:B,"N/A") -> 262.79 | AC88: =IF(OR(AB88="N/A",$B88="N/A"),"N/A",AB88*$B88) -> 24168.534 | AD88: =IF(OR(AC88="N/A",AC87="N/A"),"N/A",AC88/AC87-1) -> N/A | AE88: =_xlfn.XLOOKUP(A88,Amazon!A:A,Amazon!B:B,"N/A") -> 153.41 | AF88: =IF(OR(AE88="N/A",$B88="N/A"),"N/A",AE88*$B88) -> 14108.964 | AG88: =IF(OR(AF88="N/A",AF87="N/A"),"N/A",AF88/AF87-1) -> N/A | AH88: 4774.75 | AI88: 439128.98 | AJ88: N/A
A89: 45287 | B89: =_xlfn.XLOOKUP(A89,'USD RUB'!B:B,'USD RUB'!C:C,"N/A") -> 91.7069 | C89: =IFERROR(EXP(_xlfn.XLOOKUP(A89,'Bonds (CP)'!$A$4:$A$513,'Work Sheet'!$B$3:$B$512)/252)-1,"N/A") -> N/A | D89: =IFERROR(_xlfn.XLOOKUP($A89,Intel!$A$2:$A$502,Intel!$B$2:$B$502),"N/A") -> 50.76 | E89: =IF(OR(D89="N/A", $B89="N/A"),"N/A",D89*$B89) -> 4655.0422 | F89: =IF(E88="N/A", "N/A", IF(OR(E89="N/A",E88="N/A"),"N/A",E89/E88-1)) -> 0.0022839689 | G89: =IFERROR(_xlfn.XLOOKUP(A89,Apple!A:A,Apple!B:B),"N/A") -> 193.15 | H89: =IF(OR(G89="N/A", B89="N/A"),"N/A",G89*$B89) -> 17713.188 | I89: =IF(OR(H89="N/A",H88="N/A"), "N/A", H89/H88-1) -> -0.002333349 | J89: =IFERROR(_xlfn.XLOOKUP(A89,Microsoft!A:A,Microsoft!B:B),"N/A") -> 374.07 | K89: =IF(OR(J89="N/A",B89="N/A"),"N/A",J89*B89) -> 34304.8 | L89: =IF(OR(K89="N/A",K88="N/A"), "N/A", K89/K88-1) -> -0.0044201466 | M89: =IFERROR(_xlfn.XLOOKUP($A89,Cisco!A:A,Cisco!B:B),"N/A") -> 50.44 | N89: =IF(OR(M89="N/A",$B89="N/A"),"N/A",M89*$B89) -> 4625.696 | O89: =IF(OR(N89="N/A",N88="N/A"),"N/A",N89/N88-1) -> 0.00032323766 | P89: =IFERROR(_xlfn.XLOOKUP($A89,Disney!A:A,Disney!B:B),"N/A") -> 90.38 | Q89: =IF(OR(P89="N/A",$B89="N/A"),"N/A",P89*$B89) -> 8288.4696 | R89: =IF(OR(Q89="N/A",Q88="N/A"),"N/A",Q89/Q88-1) -> -0.0090991924 | S89: =_xlfn.XLOOKUP(A89,FedEx!A:A,FedEx!B:B,"N/A") -> 250.94 | T89: =IF(OR(S89="N/A",$B89="N/A"),"N/A",S89*$B89) -> 23012.929 | U89: =IF(OR(T89="N/A",T88="N/A"),"N/A",T89/T88-1) -> -0.0070048304 | V89: =_xlfn.XLOOKUP($A89,'General Motors'!A:A,'General Motors'!B:B,"N/A") -> 36.08 | W89: =IF(OR(V89="N/A",$B89="N/A"),"N/A",V89*$B89) -> 3308.785 | X89: =IF(OR(W89="N/A",W88="N/A"),"N/A",W89/W88-1) -> -0.0042298209 | Y89: =_xlfn.XLOOKUP($A89,Chevron!A:A,Chevron!B:B,"N/A") -> 151.91 | Z89: =IF(OR(Y89="N/A",$B89="N/A"),"N/A",Y89*$B89) -> 13931.195 | AA89: =IF(OR(Z89="N/A",Z88="N/A"),"N/A",Z89/Z88-1) -> -0.0061211486 | AB89: =_xlfn.XLOOKUP($A89,Boeing!A:A,Boeing!B:B,"N/A") -> 262.1 | AC89: =IF(OR(AB89="N/A",$B89="N/A"),"N/A",AB89*$B89) -> 24036.378 | AD89: =IF(OR(AC89="N/A",AC88="N/A"),"N/A",AC89/AC88-1) -> -0.0054680612 | AE89: =_xlfn.XLOOKUP(A89,Amazon!A:A,Amazon!B:B,"N/A") -> 153.34 | AF89: =IF(OR(AE89="N/A",$B89="N/A"),"N/A",AE89*$B89) -> 14062.336 | AG89: =IF(OR(AF89="N/A",AF88="N/A"),"N/A",AF89/AF88-1) -> -0.0033048665 | AH89: 4781.58 | AI89: 438503.88 | AJ89: -0.0014235
